,X.1,X,X0,X17,X25,X44,X66,X75,X90,Population,Position,Mutation,Gene,Amino.Acid,Genotype
408,795,787,0,0,0.214,0,0,0,0.123,B2,5910265,G>C,aceE>/>aceF,Intergenic,genotype-27
206,794,437,0,0,0,0.109,0,0,0.109,B1,5910265,G>C,aceE>/>aceF,Intergenic,genotype-16
407,793,129,0,0,0.196,0,0.288,0.186,0,B2,5910256,A>C,aceE>/>aceF,Intergenic,genotype-43
409,796,551,0,0.22,0.717,0.873,0.947,0.899,1,B2,5911186,G>A,aceF,V281I(GTC>ATC),genotype-44
656,128,594,0,0,NA,0,0.113,NA,0.121,P2,883046,A>C,acoB,V78G(GTC>GGC),genotype-4
520,767,755,0,0,0,0.135,0,0.132,0.138,B3,5589426,C>G,acsB>/>PA14_62640,intergenic(+25/-72),genotype-4
798,766,520,0,0,NA,0.149,0,NA,0.121,P3,5589426,C>G,acsB>/>PA14_62640,intergenic(+25/-72),genotype-22
728,768,805,0,0.121,NA,0.134,0.101,NA,0,P2,5589426,C>G,acsB>/>PA14_62640,intergenic(+25/-72),genotype-10
775,208,519,0,0,NA,0.128,0,NA,0.153,P3,1431110,T>G,adk>/>tsaB,intergenic(+40/-64),genotype-22
282,206,107,0,0.083,0.107,0,0,0.151,0.132,B2,1431110,T>G,adk>/>tsaB,intergenic(+40/-64),genotype-42
614,207,194,0,0,NA,0.113,0.163,NA,0,P1,1431110,T>G,adk>/>tsaB,intergenic(+40/-64),genotype-3
138,514,55,0,0,0,0.067,0.066,0,0,B1,3944687,A>C,aer,N371T(AAC>ACC),genotype-25
767,27,733,0,0,NA,0,0.144,NA,0.208,P3,156783,C>G,ahpC>/>ahpF,intergenic(+56/-89),genotype-20
753,647,777,0,0,NA,0.908,0.456,NA,0.41,P3,4664820,C>T,alaS</<PA14_52610,intergenic(-47/+75),genotype-14
532,833,685,0,0.103,0,0.102,0,0,0,B3,6264643,T>G,algC,V185G(GTG>GGG),genotype-12
583,232,831,0,0,NA,0.087,0,NA,0.106,P1,1580457,G>T,algF,P165T(CCG>ACG),genotype-23
59,231,19,0,0,0,0,0.131,0.082,0,B1,1580457,G>T,algF,P165T(CCG>ACG),genotype-41
60,233,20,0,0,0,0,0.114,0.066,0,B1,1580469,G>T,algF,R161S(CGC>AGC),genotype-41
180,672,71,0,0,0,0.108,0.183,0,0,B1,4826719,T>C,algU</>nadB,intergenic(-66/-343),genotype-29
140,517,577,0,0,0,0,0.245,0.851,0.842,B1,3962067,T>C,anr,C117R(TGC>CGC),genotype-114
141,518,57,0,0,0,0,0.221,0.083,0.098,B1,3962331,A>T,anr,T205S(ACC>TCC),genotype-2
110,431,252,0,0,0,0,0.098,0,0.163,B1,3152070,T>G,ansA</<PA14_35460,intergenic(-73/+27),genotype-12
111,432,462,0,0,0,0,0.392,0.175,0.135,B1,3152083,C>T,ansA</<PA14_35460,intergenic(-86/+14),genotype-13
742,651,847,0,0,NA,0,0.499,NA,0.555,P3,4679340,C>T,aotJ,G29D(GGC>GAC),genotype-2
543,650,471,0,0,NA,0,0.505,NA,0.401,P1,4677317,T>C,aotM,T169A(ACC>GCC),genotype-31
142,519,528,0,0,0,0.434,0.454,0.946,0.898,B1,3962972,G>A,apt,R145K(AGG>AAG),genotype-27
732,813,223,0,0.086,NA,0,0.095,NA,0,P2,6095836,A>C,arcA>/>arcB,intergenic(+24/-56),genotype-31
731,812,302,0,0,NA,0.187,0,NA,0.172,P2,6093179,C>A,arcD,Q32K(CAA>AAA),genotype-30
213,811,85,0,0,0,0.17,0.18,0.183,0,B1,6093179,C>A,arcD>,Q32K(CAA>AAA),genotype-24
215,817,374,0,0,0,1,1,1,1,B1,6130536,(GC)5>4,argA,coding(1131-1132/1299nt),genotype-18
382,710,799,0,0,0.125,0,0,0,0.135,B2,5097016,C>G,argJ,G88R(GGC>CGC),genotype-27
801,709,408,0,0,NA,0.136,0.114,NA,0.114,P3,5097016,C>G,argJ,G88R(GGC>CGC),genotype-23
511,708,587,0,0,0,0,0,0.082,0.105,B3,5096964,A>C,argJ,V105G(GTC>GGC),genotype-3
715,648,221,0,0.05,NA,0.066,0,NA,0,P2,4672442,C>G,aruF</<argD,intergenic(-180/+19),genotype-2
465,309,446,0,0.16,0,0,0,0.138,0,B3,2068835,T>G,asd>/>PA14_23810,intergenic(+33/-69),genotype-21
500,634,337,0,0,0,0.129,0,0,0.106,B3,4601654,A>C,aspS,Y475D(TAC>GAC),genotype-11
225,839,422,0,0,0,0.141,0.494,0.925,0.915,B1,6325912,G>A,betT1,T450T(ACG>ACA),genotype-8
584,91,285,0,0,NA,0.091,0.113,NA,0.105,P1,570978,C>G,bioF,R66R(CGC>CGG),genotype-21
22,92,544,0,0.108,0,0,0.097,0.091,0,B1,570978,C>G,bioF,R66R(CGC>CGG),genotype-28
653,90,820,0,0.113,NA,0.091,0.094,NA,0,P2,570974,A>C,bioF,E65A(GAG>GCG),genotype-19
112,433,576,0,0,0,0,0.345,0.833,0.793,B1,3158962,T>C,bkdA1,T223A(ACC>GCC),genotype-1
482,434,162,0,0.092,0,0,0.106,0.1,0,B3,3159684,A>C,bkdA1</>bkdR,intergenic(-56/-254),genotype-1
483,435,274,0,0.101,0.106,0,0,0,0,B3,3159728,C>G,bkdA1</>bkdR,intergenic(-100/-210),genotype-7
204,770,530,0,0,0,0.342,0.47,1,0.92,B1,5614655,G>A,carB,A120A(GCC>GCT),genotype-27
758,95,703,0,0,NA,0,0.058,NA,0.368,P3,655738,T>C,cca,T83A(ACC>GCC),genotype-17
139,516,56,0,0,0,0,0.086,0.085,0.074,B1,3954251,C>A,ccoG>,L23I(CTC>ATC),genotype-9
263,131,101,0,0,0.058,0.075,0,0,0,B2,905066,G>C,ccoN</<PA14_RS04240,intergenic(-22/+242),genotype-30
487,479,166,0,0,0,0,0.067,0.065,0.054,B3,3618854,C>A,ccoN>,S253*(TCG>TAG),genotype-3
434,35,140,0,0,0,0.086,0.065,0.062,0.08,B3,202263,T>G,cheA,S222R(AGC>CGC),genotype-15
438,79,142,0,0.07,0.073,0,0.055,0,0,B3,472813,T>G,chpA,L1317R(CTC>CGC),genotype-16
698,485,367,0,0,NA,0.235,0.827,NA,0.591,P2,3678967,C>G,clpX,G299A(GGT>GCT),genotype-23
252,74,630,0,0.116,0.116,0,0,0,0,B2,421968,T>G,coaD</<laoA,intergenic(-118/+31),genotype-15
315,336,319,0,0,0,0,0.052,0.6,0.618,B2,2309598,ÃƒÆ’Ã…Â½ÃƒÂ¢Ã¢â€šÂ¬Ã‚Â1bp,cobG,coding(1427/1461nt),genotype-35
786,334,417,0,0,NA,0.132,0.106,NA,0.131,P3,2308549,T>G,cobG,H126Q(CAT>CAG),genotype-23
679,335,774,0,0.136,NA,0.104,0,NA,0,P2,2308557,T>G,cobG,L129R(CTG>CGG),genotype-16
567,333,291,0,0,NA,0.093,0.086,NA,0.122,P1,2305204,A>C,cobK,W99G(TGG>GGG),genotype-21
580,332,648,0,0,NA,0,0.125,NA,0.109,P1,2305010,C>A,cobK,V163V(GTG>GTT),genotype-18
471,331,497,0,0,0,0,0.108,0.121,0.106,B3,2305010,C>A,cobK,V163V(GTG>GTT),genotype-24
770,578,390,0,0,NA,0.177,0,NA,0.168,P3,4245697,C>G,cobQ,G220R(GGC>CGC),genotype-19
857,577,242,0,0,NA,0.063,0.051,NA,0,P3,4245667,C>A,cobQ,V230F(GTC>TTC),genotype-10
751,140,702,0,0,NA,0,0.082,NA,0.45,P3,960409,C>T,cupB3,P644S(CCG>TCG),genotype-13
301,282,360,0,0,0,0,0,0.608,0.565,B2,1967556,C>T,cyaB,R236H(CGC>CAC),genotype-21
809,461,739,0,0,NA,0,0.111,NA,0.109,P3,3386070,A>C,cynR,L286R(CTG>CGG),genotype-25
94,379,575,0,0,0,0,0.232,0.848,0.87,B1,2628572,C>T,cysG,R26C(CGC>TGC),genotype-114
512,712,637,0,0,0,1,1,1,1,B3,5106945,C>A,ddl,E84*(GAG>TAG),genotype-10
391,741,683,0,0,0,0.112,0.104,0,0.114,B2,5340591,T>G,dsbA2,A68A(GCT>GCG),genotype-37
814,740,524,0,0,NA,0.078,0,NA,0.105,P3,5340591,T>G,dsbA2,A68A(GCT>GCG),genotype-24
198,742,77,0,0,0,0.168,0.171,0,0,B1,5340596,T>G,dsbA2,L70R(CTG>CGG),genotype-29
516,743,728,0,0.173,0.208,0.144,0,0,0,B3,5340596,T>G,dsbA2,L70R(CTG>CGG),genotype-19
370,631,750,0,0,0,0,0,0.147,0.322,B2,4581681,G>A,exoU,P447L(CCG>CTG),genotype-16
523,773,859,0,0.102,0.102,0,0.096,0,0,B3,5645941,T>G,fabG,L17R(CTG>CGG),genotype-7
126,481,261,0,0,0,0,0.086,0,0.106,B1,3673294,A>C,fabI,E214A(GAG>GCG),genotype-12
697,483,338,0,0,NA,0.917,0.945,NA,0.92,P2,3673536,T>C,fabI>/<ppiD,intergenic(+85/+13),genotype-22
740,484,461,0,0,NA,0.914,0.938,NA,0.916,P3,3673536,T>C,fabI>/<ppiD,intergenic(+85/+13),genotype-16
488,482,167,0,0.051,0,0,0.051,0.05,0,B3,3673494,C>A,fabI>/<ppiD,intergenic(+43/+55),genotype-1
228,854,349,0,0.113,0,0,0.138,0,0,B1,6376034,A>C,fdhA>/>PA14_71570,intergenic(+27/-57),genotype-10
562,700,650,0,0,NA,0,0.112,NA,0.133,P1,5051244,T>G,feoA</<PA14_56700,intergenic(-188/+29),genotype-18
509,701,584,0,0,0,0,0,0.085,0.121,B3,5051258,T>G,feoA</<PA14_56700,intergenic(-202/+15),genotype-3
722,703,762,0,0.1,NA,0.079,0,NA,0,P2,5051258,T>G,feoA</<PA14_56700,intergenic(-202/+15),genotype-8
868,702,610,0,0.103,NA,0,0.075,NA,0,P3,5051258,T>G,feoA</<PA14_56700,intergenic(-202/+15),genotype-6
454,197,148,0,0.056,0.054,0,0,0.051,0.066,B3,1360878,C>G,ffh>/>rpsP,intergenic(+43/-167),genotype-17
545,16,776,0,0.246,NA,0,0,NA,0.358,P1,96565,T>G,fha1,pseudogene(845/1499nt),genotype-2
427,17,429,0,0,0,0.18,0,0,0.251,B3,96583,T>G,fha1,pseudogene(827/1499nt),genotype-28
3,19,744,0,0,0,0.276,0,0,0.194,B1,96585,T>G,fha1,pseudogene(825/1499nt),genotype-44
428,18,458,0,0.242,0,0.163,0,0,0,B3,96585,T>G,fha1,pseudogene(825/1499nt),genotype-12
130,497,423,0,0,0,0.116,0.498,0.923,0.862,B1,3818896,C>T,fha2,R256H(CGC>CAC),genotype-8
163,617,573,0,0,0,0,0.222,0.836,0.809,B1,4485577,(GTTGTTGGCCAG)1>2,flgB,coding(76/408nt),genotype-1
162,616,296,0,0,0,0.148,0.171,0.12,0.16,B1,4481493,T>G,flgG,Q51P(CAG>CCG),genotype-5
147,538,59,0,0,0,0.386,0.496,0.09,0.078,B1,4063824,C>T,flhA,V24M(GTG>ATG),genotype-20
146,537,574,0,0,0,0.116,0.256,0.848,0.836,B1,4060856,C>T,flhF,S277S(TCG>TCA),genotype-114
367,615,855,0,0.437,1,1,1,1,1,B2,4466287,G>A,fliC,S196L(TCG>TTG),genotype-13
366,613,316,0,0,0,0,0.057,0.74,0.589,B2,4454606,G>A,fliH,P34L(CCG>CTG),genotpe-19
705,539,640,0,0,NA,0.127,0,NA,0.137,P2,4071277,T>G,fliM,D134A(GAC>GCC),genotype-21
255,94,267,0,0,0,0,0.312,0,0.147,B2,654477,C>T,folK,R81C(CGC>TGC),genotype-40
260,118,100,0,0,0,0.057,0.087,0.079,0,B2,801585,A>G,fptA,Y523C(TAC>TGC),genotype-48
780,230,874,0,0,NA,0,0.306,NA,0.143,P3,1566780,C>T,fruK,D64D(GAC>GAT),genotype-21
430,26,334,0,0,0,0.102,0,0,0.101,B3,144371,G>T,gabP,A313E(GCG>GAG),genotype-11
830,25,225,0,0.085,NA,0.059,0,NA,0,P3,144280,T>G,gabP<,P343P(CCA>CCC),genotype-5
246,52,475,0,0.127,0.556,0.863,1,0.909,1,B2,316428,C>T,gabT,A357V(GCC>GTC),genotype-34
541,380,460,0,0,NA,0.11,0.536,NA,0.425,P1,2655675,C>T,gacA,P58S(CCC>TCC),genotype-26
149,544,60,0,0,0,0.105,0.185,0,0,B1,4096291,G>A,gbuR,P167S(CCG>TCG),genotype-29
781,427,406,0,0,NA,0.155,0.099,NA,0.142,P3,3114288,A>C,gcd</<PA14_34990,A49A(GCT>GCG),genotype-23
823,563,237,0,0,NA,0.074,0.083,NA,0.072,P3,4182911,C>G,ggt>,L553V(CTG>GTG),genotype-26
778,565,741,0,0,NA,0,0.132,NA,0.146,P3,4182947,A>C,ggt>/>ansB,intergenic(+19/-67),genotype-20
495,564,445,0,0.168,0,0,0,0.138,0,B3,4182947,A>C,ggt>/>ansB,intergenic(+19/-67),genotype-21
847,450,657,0,0.137,NA,0.137,0,NA,0,P3,3254071,A>C,glgA,T189P(ACG>CCG),genotype-3
666,212,592,0,0,NA,0,0.159,NA,0.145,P2,1462040,T>G,glnD</<map,intergenic(-145/+22),genotype-4
783,210,405,0,0,NA,0.117,0.152,NA,0.134,P3,1462012,A>C,glnD</<map,intergenic(-117/+50),genotype-23
568,211,649,0,0,NA,0,0.137,NA,0.121,P1,1462012,A>C,glnD</<map,intergenic(-117/+50),genotype-18
54,209,350,0,0.145,0,0,0.133,0,0,B1,1462012,A>C,glnD</<map,intergenic(-117/+50),genotype-10
57,219,251,0,0,0,0,0.185,0.057,0.1,B1,1540671,C>T,glpD,A300T(GCC>ACC),genotype-2
456,218,149,0,0,0,0.071,0.054,0.062,0.064,B3,1539986,G>C,glpM</<glpD,intergenic(-89/+44),genotype-15
542,221,732,0,0,NA,0,0.32,NA,0.42,P1,1542541,ÃƒÆ’Ã…Â½ÃƒÂ¢Ã¢â€šÂ¬Ã‚Â33bp,glpR,coding(30-62/756nt),genotype-24
754,220,694,0,0,NA,0,0.095,NA,0.388,P3,1542434,C>T,glpR,A57T(GCC>ACC),genotype-13
79,292,31,0,0,0,0,0.219,0.079,0.068,B1,1995722,A>G,gltK,Q84R(CAG>CGG),genotype-2
304,290,721,0,0,0,0.258,0.822,0.69,0.909,B2,1989964,C>T,gltR,I119I(ATC>ATT),genotype-3
393,749,123,0,0.059,0.077,0,0,0,0,B2,5433300,C>A,glyA>,L32M(CTG>ATG),genotype-29
848,464,663,0,0.121,NA,0.131,0,NA,0,P3,3432655,G>C,gnyA,G370A(GGC>GCC),genotype-3
121,465,47,0,0,0.051,0.051,0,0.054,0,B1,3434449,T>A,gnyL>/<hmgR,intergenic(+12/+56),genotype-7
189,706,709,0,0,0.29,1,1,1,1,B1,5080977,C>T,groES,E16K(GAG>AAG),genotype-31
435,50,141,0,0.053,0,0.062,0,0.068,0.065,B3,289157,C>A,hcpC</<PA14_03250,intergenic(-185/+1642),genotype-15
422,4,134,0,0,0.072,0.065,0.062,0,0.06,B3,26707,T>G,hemF>/>aroE,intergenic(+33/-25),genotype-8
578,758,289,0,0,NA,0.086,0.114,NA,0.11,P1,5530221,C>A,hitA,S198*(TCG>TAG),genotype-21
33,130,12,0,0,0,0,0.177,0.066,0.069,B1,903019,A>G,hpaR,N56S(AAC>AGC),genotype-2
131,498,50,0,0,0.08,0.051,0.063,0,0.071,B1,3830845,T>G,hsiA2,K115T(AAG>ACG),genotype-22
105,419,41,0,0,0.076,0.064,0,0.058,0,B1,3024795,T>G,hsiH3,Q38P(CAG>CCG),genotype-7
210,806,84,0,0,0,0.067,0.071,0,0.064,B1,6021137,C>A,hutC<,R158L(CGC>CTC),genotype-4
443,108,145,0,0.069,0.065,0,0,0,0,B3,774599,C>G,katA>/>bfr,intergenic(+41/-90),genotype-16
769,502,866,0,0,NA,0,0.242,NA,0.168,P3,3867185,G>A,kdpA,S90S(AGC>AGT),genotype-21
16,75,8,0,0,0.12,0.078,0.077,0,0,B1,422031,T>G,laoA,S522R(AGC>CGC),genotype-22
455,199,583,0,0,0,0,0,0.066,0.106,B3,1389038,A>C,lasB>/>PA14_16260,intergenic(+21/-149),genotype-3
838,200,654,0,0.109,NA,0.117,0,NA,0,P3,1389038,A>C,lasB>/>PA14_16260,intergenic(+21/-149),genotype-3
69,250,310,0,0,0,0.083,0,0.078,0.104,B1,1714525,A>C,ldh,*342C(TGA>TGC),genotype-37
104,417,40,0,0,0,0,0,0.065,0.063,B1,3010033,T>G,lldD>/<PA14_33870,intergenic(+43/+24),genotype-3
190,711,74,0,0,0,0.106,0.27,0.052,0.065,B1,5102294,C>T,lpxC,G151D(GGC>GAC),genotype-23
536,645,481,0,0,NA,0.546,1,NA,1,P1,4661344,C>T,lysC,G220S(GGC>AGC),genotype-1
373,646,428,0,0,0,0,0,0.772,0.895,B2,4661461,T>C,lysC,T181A(ACC>GCC),genotype-26
7,46,3,0,0.077,0.082,0.061,0,0,0,B1,231869,T>G,mdcE,L263R(CTG>CGG),genotype-17
209,804,83,0,0,0,0.133,0.317,0,0.071,B1,5985726,G>A,mdoH,P838P(CCC>CCT),genotype-23
796,469,870,0,0,NA,0,0.288,NA,0.123,P3,3525008,C>T,metE,G249S(GGC>AGC),genotype-21
125,480,48,0,0,0,0,0.15,0.053,0.063,B1,3631214,A>G,metH,Y44C(TAC>TGC),genotype-2
253,81,98,0,0,0.054,0.059,0,0.058,0,B2,489088,C>A,mexB,L383I(CTC>ATC),genotype-30
467,318,155,0,0,0.084,0.064,0,0,0,B3,2207080,T>G,mfd,T464P(ACC>CCC),genotype-14
75,277,28,0,0,0,0,0.24,0.096,0.071,B1,1920840,G>A,minC</>htrB,intergenic(-148/+1160),genotype-2
461,276,152,0,0.061,0.065,0,0,0,0,B3,1916583,C>G,minC</>htrB,intergenic(-119/-41),genotype-16
402,785,297,0,0,0,0,1,1,1,B2,5831137,(C)5>4,motA,coding(126/852nt),genotype-18
603,786,204,0,0,NA,0.056,0,NA,0.06,P1,5831393,C>A,motA</>PA14_6547,intergenic(-131/-10),genotype-29
202,760,79,0,0,0,0,0.2,0.076,0.084,B1,5550661,A>G,mrcB<,Y522H(TAC>CAC),genotype-2
481,421,332,0,0,0,0.128,0,0,0.131,B3,3056090,A>C,mtlY,W199G(TGG>GGG),genotype-11
106,422,485,0,0,0,0,0.121,0.137,0.128,B1,3056090,A>C,mtlY,W199G(TGG>GGG),genotype-8
383,713,356,0,0,0,0,0,0.544,0.567,B2,5108176,T>C,murC,N153S(AAC>AGC),genotype-21
525,782,801,0,0,0,0,0.106,0.68,0.873,B3,5821672,T>C,mutL,D467G(GAC>GGC),genotype-5
55,214,372,0,0,0,1,1,1,1,B1,1503151,T>G,mutS,T112P(ACC>CCC),genotype-18
283,215,547,0,0,1,1,1,1,1,B2,1503151,T>G,mutS,T112P(ACC>CCC),genotype-38
748,213,846,0,0,NA,0,0.415,NA,0.526,P3,1502565,C>T,mutS,W307*(TGG>TAG),genotype-2
361,602,753,0,0,0,0,0,0.191,0.292,B2,4372257,T>C,napE,V10A(GTC>GCC),genotype-16
158,603,62,0,0.092,0.099,0,0.087,0.111,0.138,B1,4372453,A>C,napF,T17P(ACG>CCG),genotype-32
499,604,170,0,0,0.105,0.109,0.08,0.09,0.08,B3,4372453,A>C,napF,T17P(ACG>CCG),genotype-29
863,605,651,0,0.107,NA,0.098,0,NA,0,P3,4372453,A>C,napF,T17P(ACG>CCG),genotype-5
345,489,629,0,0.144,0.182,0,0,0,0,B2,3707481,G>C,nirB,D479H(GAC>CAC),genotype-9
699,488,501,0,0.115,NA,0,0.109,NA,0,P2,3707474,C>G,nirB,G476G(GGC>GGG),genotype-3
71,255,314,0,0,0,0.106,0,0.141,0.101,B1,1740158,T>G,nosD,E67A(GAG>GCG),genotype-37
667,258,812,0,0.109,NA,0.1,0.153,NA,0,P2,1740248,A>C,nosD,L37R(CTG>CGG),genotype-13
839,256,617,0,0.112,NA,0,0.12,NA,0,P3,1740158,T>G,nosD,E67A(GAG>GCG),genotype-4
840,257,652,0,0.1,NA,0.129,0,NA,0,P3,1740178,T>G,nosD,R60R(CGA>CGC),genotype-3
841,259,653,0,0.126,NA,0.078,0,NA,0,P3,1740260,T>G,nosD,D33A(GAC>GCC),genotype-5
312,321,794,0,0,0.102,0,0,0,0.117,B2,2216005,C>A,nqrE,P54T(CCG>ACG),genotype-5
803,319,411,0,0,NA,0.092,0.093,NA,0.112,P3,2216005,C>A,nqrE,P54T(CCG>ACG),genotype-26
677,320,643,0,0,NA,0.09,0,NA,0.104,P2,2216005,C>A,nqrE,P54T(CCG>ACG),genotype-5
363,608,857,0,0.511,1,1,1,1,1,B2,4395153,A>G,nrdA,T151A(ACC>GCC),genotype-13
92,376,255,0,0,0,0,0.103,0,0.129,B1,2592386,T>G,nuoG,K600T(AAG>ACG),genotype-12
569,377,835,0,0,NA,0.106,0,NA,0.121,P1,2592386,T>G,nuoG,K600T(AAG>ACG),genotype-15
685,375,763,0,0.139,NA,0.121,0,NA,0,P2,2592349,T>G,nuoG,E612D(GAA>GAC),genotype-16
684,374,863,0,0,NA,0.117,0.137,NA,0.104,P2,2589385,A>C,nuoK</<nuoJ,intergenic(-28/+18),genotype-18
262,121,385,0,0,0.166,0,0,0.125,0.136,B2,816095,T>G,opmD,Q72P(CAG>CCG),genotype-22
655,122,500,0,0.106,NA,0,0.119,NA,0,P2,816095,T>G,opmD,Q72P(CAG>CCG),genotype-3
49,182,561,0,0,0,0,0.219,0.845,0.79,B1,1277741,ÃƒÂ­_ÃƒÂ¤ÃƒÂ³Ã‚Â1bp,oprC,coding(1135/2172nt),genotype-1
50,183,565,0,0,0,0,0.22,0.845,0.789,B1,1277742,ÃƒÂ­_ÃƒÂ¤ÃƒÂ³Ã‚Â1bp,oprC,coding(1136/2172nt),genotype-1
157,601,673,0,0,0,0.577,0.503,0.909,0.9,B1,4372083,A>G,oprH</>napE,intergenic(-76/-146),genotype-6
463,305,638,0,0,0,1,1,1,1,B3,2029693,ÃƒÆ’Ã…Â½ÃƒÂ¢Ã¢â€šÂ¬Ã‚Â12bp,orfH,coding(393-404/1269nt),genotype-10
81,304,371,0,0,0,1,1,1,1,B1,2028281,,orfK,coding(198/1137nt),genotype-18
526,784,300,0,0,0,0,1,1,1,B3,5828203,ÃƒÆ’Ã…Â½ÃƒÂ¢Ã¢â€šÂ¬Ã‚Â9bp,orn,coding(3-11/543nt),genotype-9
730,783,387,0,0,NA,0.757,0.191,NA,0.454,P2,5827831,T>C,orn,Y128C(TAC>TGC),genotype-28
420,1,132,0,0,0.064,0,0.074,0.058,0,B3,16304,G>C,PA14_00140>/<PA14_00150,intergenic(+30/+32),genotype-1
421,2,133,0,0.064,0,0,0.064,0.05,0,B3,22774,T>G,PA14_00210>/>dprA,intergenic(+16/-119),genotype-1
645,3,276,0,0,NA,0.054,0.066,NA,0.114,P2,24507,C>G,PA14_00240,G162G(GGC>GGG),genotype-1
423,7,135,0,0,0,0.067,0.082,0,0.079,B3,49895,T>G,PA14_00510,pseudogene(6962/9492nt),genotype-8
2,6,1,0,0,0,0,0.199,0.075,0.072,B1,45140,A>G,PA14_00510,pseudogene(2207/9492nt),genotype-2
765,8,292,0,0,NA,0,0.402,NA,0.277,P3,68583,(GGC)4>3,PA14_00680,coding(682-684/921nt),genotype-18
240,9,263,0,0,0,0,0.169,0,0.217,B2,70596,C>T,PA14_00700,D91D(GAC>GAT),genotype-1
424,11,365,0,0,0.168,0,0,0,0.157,B3,78671,A>C,PA14_00800,*92C(TGA>TGC),genotype-23
579,10,184,0,0.161,NA,0.133,0,NA,0.109,P1,78671,A>C,PA14_00800,*92C(TGA>TGC),genotype-25
4,21,311,0,0,0,0.116,0,0.093,0.143,B1,115010,G>T,PA14_01160,S577I(AGC>ATC),genotype-30
646,20,808,0,0.112,NA,0.138,0.12,NA,0,P2,115000,G>T,PA14_01160,D574Y(GAC>TAC),genotype-10
647,22,807,0,0.126,NA,0.114,0.109,NA,0,P2,115058,G>T,PA14_01160,S593I(AGC>ATC),genotype-12
241,24,682,0,0,0,0.081,0,0,0.108,B2,139694,C>G,PA14_01480>/>PA14_01490,intergenic(+43/-137),genotype-12
429,23,138,0,0,0,0.084,0.087,0.098,0,B3,139694,C>G,PA14_01480>/>PA14_01490,intergenic(+43/-137),genotype-2
431,28,139,0,0,0.071,0.055,0,0,0,B3,163183,C>G,PA14_01770,A27P(GCC>CCC),genotype-14
648,29,210,0,0,NA,0.064,0.061,NA,0,P2,163183,C>G,PA14_01770,A27P(GCC>CCC),genotype-17
790,33,416,0,0,NA,0.142,0.127,NA,0.129,P3,200414,A>C,PA14_02220,L29R(CTC>CGC),genotype-23
590,32,826,0,0,NA,0.084,0,NA,0.102,P1,200371,A>C,PA14_02220,R43R(CGT>CGG),genotype-23
242,30,93,0,0,0.096,0,0.079,0,0,B2,198516,T>G,PA14_02220,S662R(AGC>CGC),genotype-41
432,31,271,0,0.109,0.102,0,0,0,0,B3,200371,A>C,PA14_02220,R43R(CGT>CGG),genotype-7
433,34,272,0,0.107,0.085,0,0,0,0,B3,200428,G>C,PA14_02220,F24L(TTC>TTG),genotype-7
245,43,718,0,0,0,0.273,0.874,0.719,0.912,B2,226734,A>G,PA14_02530,Y15C(TAC>TGC),genotype-3
650,45,861,0,0,NA,0.125,0.129,NA,0.178,P2,229801,T>G,PA14_02560,L252R(CTG>CGG),genotype-18
6,44,2,0,0.11,0,0.138,0.087,0.116,0.137,B1,229801,T>G,PA14_02560,L252R(CTG>CGG),genotype-32
807,47,526,0,0,NA,0.092,0,NA,0.109,P3,261699,T>G,PA14_02980</<PA14_02990,intergenic(-60/+6),genotype-24
8,48,419,0,0,0,0.147,0.45,0.924,0.887,B1,262747,T>C,PA14_02990,D95G(GAC>GGC),genotype-8
9,49,4,0,0,0,0.151,0.318,0,0.087,B1,264821,C>T,PA14_03000,H415H(CAC>CAT),genotype-23
10,51,5,0,0,0,0,0.163,0.095,0.059,B1,298548,G>A,PA14_03285>/>PA14_03290,intergenic(+181/-19),genotype-2
776,53,871,0,0,NA,0,0.283,NA,0.15,P3,320445,C>T,PA14_03510,P39P(CCC>CCT),genotype-21
606,54,186,0,0,NA,0,0.062,NA,0.052,P1,326440,T>G,PA14_03610</<PA14_03620,intergenic(-76/+96),genotype-28
544,55,470,0,0,NA,0,0.481,NA,0.391,P1,348574,C>G,PA14_03860,V3L(GTA>CTA),genotype-31
13,62,667,0,0,0,0.525,0.454,0.911,0.91,B1,365407,T>C,PA14_04050,F125L(TTC>CTC),genotype-6
779,63,410,0,0,NA,0.146,0.133,NA,0.144,P3,367799,T>G,PA14_04080</<PA14_04090,intergenic(-33/+39),genotype-23
248,64,95,0,0.133,0.148,0,0,0,0.163,B2,372986,T>G,PA14_04150>/>PA14_04160,intergenic(+6/-93),genotype-57
436,67,757,0,0,0,0.151,0,0.12,0.114,B3,372986,T>G,PA14_04150>/>PA14_04160,intergenic(+6/-93),genotype-4
14,65,542,0,0.109,0,0,0,0.111,0,B1,372986,T>G,PA14_04150>/>PA14_04160,intergenic(+6/-93),genotype-26
832,66,660,0,0.143,NA,0.079,0,NA,0,P3,372986,T>G,PA14_04150>/>PA14_04160,intergenic(+6/-93),genotype-5
249,68,96,0,0.096,0,0,0.085,0,0.089,B2,377572,G>T,PA14_04220,A307E(GCG>GAG),genotype-2
808,70,227,0,0.093,NA,0.077,0.117,NA,0.109,P3,380557,T>G,PA14_04250,Q248P(CAG>CCG),genotype-28
651,69,822,0,0.102,NA,0.116,0.092,NA,0,P2,380533,A>C,PA14_04250,L256R(CTG>CGG),genotype-19
250,71,856,0,0.515,1,1,1,1,1,B2,383615,C>T,PA14_04290,L320L(CTG>CTA),genotype-13
251,72,97,0,0.053,0.064,0,0,0.063,0,B2,388222,A>C,PA14_04330,Q110P(CAG>CCG),genotype-20
15,73,7,0,0,0,0,0,0.08,0.076,B1,399726,T>G,PA14_04490,*266C(TGA>TGC),genotype-3
18,80,397,0,0,0,0,0,1,1,B1,480968,(G)6>5,PA14_05450,coding(524/723nt),genotype-15
802,82,228,0,0.105,NA,0.153,0,NA,0.112,P3,507534,T>G,PA14_05740,H192P(CAT>CCT),genotype-27
601,84,187,0,0,NA,0,0.077,NA,0.069,P1,520261,G>T,PA14_05870,A90D(GCC>GAC),genotype-28
439,83,143,0,0.056,0.059,0,0,0.055,0.063,B3,518955,C>A,PA14_05870,A525A(GCG>GCT),genotype-17
254,85,327,0,0,0,0,0.055,0.633,0.598,B2,532354,C>T,PA14_06000,A420A(GCC>GCT),genotype-35
19,86,670,0,0,0,0.574,0.466,0.925,0.897,B1,534661,A>G,PA14_06030,V224A(GTG>GCG),genotype-6
20,88,543,0,0.109,0.108,0,0.088,0.086,0,B1,547775,T>G,PA14_06090>/>PA14_06200,intergenic(+31/-109),genotype-40
440,87,144,0,0.079,0.057,0,0,0,0,B3,542813,A>T,PA14_06160,L55F(TTA>TTT),genotype-16
21,89,420,0,0,0,0.138,0.468,0.917,0.904,B1,566529,C>T,PA14_06450,S246L(TCG>TTG),genotype-8
23,93,567,0,0,0,0,0.227,0.812,0.805,B1,603794,A>G,PA14_06960,H183R(CAC>CGC),genotype-1
811,97,346,0,0,NA,0,0.075,NA,0.106,P3,656588,T>G,PA14_07630</<PA14_07650,intergenic(-54/+41),genotype-25
593,96,286,0,0,NA,0.107,0.126,NA,0.101,P1,656583,G>C,PA14_07630</<PA14_07650,intergenic(-49/+46),genotype-19
24,98,9,0,0,0,0.403,0.489,0.057,0.08,B1,672027,C>T,PA14_07810,A320T(GCT>ACT),genotype-20
608,99,188,0,0.061,NA,0.051,0,NA,0,P1,682137,T>G,PA14_07900>/>rpe,intergenic(+24/-100),genotype-104
256,100,362,0,0,0,0,0,0.614,0.602,B2,704493,T>C,PA14_08240,G361G(GGT>GGC),genotype-21
29,117,490,0,0,0,0,0,0.141,0.16,B1,797382,T>G,PA14_09300,L297R(CTG>CGG),genotype-35
566,115,598,0,0,NA,0.177,0.186,NA,0.122,P1,797376,A>C,PA14_09300,D295A(GAC>GCC),genotype-16
446,116,146,0,0,0.149,0.152,0,0,0,B3,797382,T>G,PA14_09300,L297R(CTG>CGG),genotype-19
261,119,580,0,0,0,0,0,1,1,B2,804562,(C)6>7,PA14_09380,coding(602/1245nt),genotype-8
31,125,623,0,0.117,0,0.082,0,0,0,B1,841507,C>G,PA14_09660</>PA14_09680,intergenic(-237/-72),genotype-21
558,124,645,0,0,NA,0,0.094,NA,0.143,P1,831131,A>C,PA14_09680,D76A(GAC>GCC),genotype-18
447,123,754,0,0,0,0.086,0,0.112,0.111,B3,831127,A>C,PA14_09680,S75R(AGC>CGC),genotype-4
32,127,11,0,0,0,0,0.06,0.068,0.069,B1,868514,G>T,PA14_10110,A11A(GCC>GCA),genotype-9
448,126,688,0,0.168,0,0.093,0,0,0,B3,867372,C>G,PA14_10110,R392P(CGA>CCA),genotype-12
833,129,656,0,0.109,NA,0.08,0,NA,0,P3,891314,T>G,PA14_10330,Q82P(CAG>CCG),genotype-5
763,132,697,0,0,NA,0,0.105,NA,0.318,P3,923009,C>T,PA14_10700,G75E(GGA>GAA),genotype-17
264,135,552,0,0.206,0.773,0.891,1,1,1,B2,931604,C>T,PA14_10770,A1285V(GCG>GTG),genotype-49
787,133,873,0,0,NA,0,0.263,NA,0.13,P3,928251,C>T,PA14_10770,A167A(GCC>GCT),genotype-21
609,134,189,0,0,NA,0.064,0.122,NA,0,P1,930863,T>G,PA14_10770,V1038G(GTC>GGC),genotype-30
34,136,564,0,0,0,0,0.2,0.825,0.824,B1,937309,T>C,PA14_10830,P172P(CCA>CCG),genotype-1
265,138,321,0,0,0,0,0,0.63,0.654,B2,940414,G>A,PA14_10850,R6R(CGC>CGT),genotype-32
610,137,190,0,0,NA,0.089,0.083,NA,0,P1,939237,T>G,PA14_10850,S399R(AGC>CGC),genotype-30
35,139,674,0,0,0,0.546,0.473,0.926,0.876,B1,944597,C>T,PA14_10910,G145S(GGC>AGC),genotype-6
768,142,868,0,0,NA,0,0.249,NA,0.18,P3,1004615,C>T,PA14_11600,M231I(ATG>ATA),genotype-21
36,143,710,0,0,0.261,1,1,1,1,B1,1009754,C>T,PA14_11650,G316S(GGC>AGC),genotype-31
267,144,320,0,0,0,0,0,0.672,0.637,B2,1029597,C>T,PA14_11900,A509A(GCG>GCA),genotype-32
820,145,229,0,0,NA,0,0.112,NA,0.094,P3,1032797,T>G,PA14_11930,V158G(GTG>GGG),genotype-25
834,146,619,0,0.109,NA,0,0.084,NA,0,P3,1051362,T>G,PA14_12150>/>PA14_12160,intergenic(+73/-11),genotype-6
37,147,784,0,0,0,0,0,0.226,0.323,B1,1052355,C>T,PA14_12160,A162T(GCG>ACG),genotype-11
268,148,102,0,0,0,0.469,0.056,0.111,0.05,B2,1076714,C>T,PA14_12530,A151V(GCC>GTC),genotype-25
38,149,258,0,0,0,0,0.113,0,0.119,B1,1080209,T>G,PA14_12570</>PA14_12590,intergenic(-182/-266),genotype-12
835,150,618,0,0.101,NA,0,0.091,NA,0,P3,1080209,T>G,PA14_12570</>PA14_12590,intergenic(-182/-266),genotype-6
269,151,534,0,0,0,0,0.096,0,0.107,B2,1082861,A>C,PA14_12630,,genotype-36
657,152,642,0,0,NA,0.084,0,NA,0.1,P2,1082861,A>C,PA14_12630,,genotype-5
611,154,692,0,0.176,NA,0.128,0,NA,0,P1,1086453,T>G,PA14_12650</<PA14_12670,intergenic(-66/+24),genotype-76
658,153,691,0,0.147,NA,0.198,0,NA,0,P2,1086453,T>G,PA14_12650</<PA14_12670,intergenic(-66/+24),genotype-6
659,155,729,0,0.28,NA,0.31,0,NA,0,P2,1086464,G>C,PA14_12650</<PA14_12670,intergenic(-77/+13),genotype-7
270,156,456,0,0,0,0,0,0.103,0.162,B2,1086477,T>G,PA14_12670,*380C(TGA>TGC),genotype-50
39,157,487,0,0,0,0,0,0.175,0.146,B1,1086477,T>G,PA14_12670,*380C(TGA>TGC),genotype-35
449,158,401,0,0,0.21,0,0.212,0,0.225,B3,1110204,A>C,PA14_12960>/>tauD,intergenic(+70/-37),genotype-20
836,159,230,0,0,NA,0.054,0.06,NA,0,P3,1115629,A>T,PA14_13000,L293Q(CTG>CAG),genotype-10
450,160,802,0,0,0,0,0.057,0.642,0.83,B3,1125533,A>G,PA14_13110,Y405C(TAT>TGT),genotype-5
40,161,13,0,0,0,0.151,0.298,0,0.06,B1,1129874,C>T,PA14_13140>/>PA14_13150,intergenic(+307/-27),genotype-23
451,163,299,0,0,0,0,1,1,1,B3,1131165,A>G,PA14_13150,D422G(GAC>GGC),genotype-9
271,164,266,0,0,0,0,0.178,0,0.163,B2,1131231,A>G,PA14_13150,Q444R(CAG>CGG),genotype-1
41,162,848,0,0,0,0.39,0.463,0.09,0.101,B1,1130141,G>A,PA14_13150,G81R(GGA>AGA),genotype-20
42,165,14,0,0,0,0.07,0.079,0,0,B1,1136248,C>A,PA14_13190,L238L(CTC>CTA),genotype-25
272,166,495,0,0.113,0.095,0,0,0,0,B2,1145188,A>G,PA14_13330,H177R(CAC>CGC),genotype-29
44,168,621,0,0.16,0,0.156,0,0,0,B1,1151591,T>G,PA14_13390,Q42P(CAG>CCG),genotype-21
43,167,15,0,0,0,0.142,0.275,0,0.059,B1,1148750,T>C,PA14_1340>/<PA14_13350,intergenic(+150/+172),genotype-23
273,171,103,0,0.098,0.076,0,0,0,0.092,B2,1226042,A>C,PA14_14360</<PA14_14370,intergenic(-96/+23),genotype-14
274,174,533,0,0,0,0,0.081,0,0.102,B2,1227801,A>C,PA14_14380</<PA14_14390,intergenic(-49/+35),genotype-36
604,173,192,0,0,NA,0.062,0.069,NA,0.058,P1,1227801,A>C,PA14_14380</<PA14_14390,intergenic(-49/+35),genotype-27
452,172,147,0,0.064,0.056,0,0,0,0,B3,1227801,A>C,PA14_14380</<PA14_14390,intergenic(-49/+35),genotype-16
45,175,782,0,0,0,0,0,0.266,0.312,B1,1228917,G>A,PA14_14390</>PA14_14400,intergenic(-104/-318),genotype-11
47,179,569,0,0,0,0,0.189,0.811,0.797,B1,1243834,A>G,PA14_14530>/>PA14_14540,intergenic(+131/-106),genotype-1
453,184,448,0,0.133,0,0,0,0.126,0,B3,1280419,T>G,PA14_15090,S85R(AGC>CGC),genotype-21
275,186,104,0,0.086,0,0,0.077,0.085,0,B2,1287717,A>C,PA14_15190</<PA14_15200,intergenic(-44/+29),genotype-45
663,185,765,0,0.109,NA,0.081,0,NA,0,P2,1287712,A>C,PA14_15190</<PA14_15200,intergenic(-39/+34),genotype-8
837,187,231,0,0,NA,0.073,0.084,NA,0,P3,1287717,A>C,PA14_15190</<PA14_15200,intergenic(-44/+29),genotype-10
278,194,358,0,0,0,0,0,0.582,0.608,B2,1319316,A>G,PA14_15580,E637G(GAG>GGG),genotype-21
824,195,232,0,0.055,NA,0.077,0.068,NA,0.061,P3,1343366,A>C,PA14_15770>/<PA14_15780,intergenic(+124/+78),genotype-7
279,196,493,0,0.101,0.077,0,0,0,0,B2,1352666,C>A,PA14_15860,I190I(ATC>ATA),genotype-29
52,201,17,0,0,0,0,0.21,0.06,0.076,B1,1391473,A>G,PA14_16280,S5P(TCC>CCC),genotype-2
284,217,535,0,0,0,0,0.111,0,0.127,B2,1518456,A>C,PA14_17660,L127R(CTG>CGG),genotype-36
285,222,468,0,0.148,0,0,0.167,0,0,B2,1548661,C>G,PA14_18020>/>PA14_18040,intergenic(+193/-55),genotype-33
286,223,720,0,0,0,0.288,0.819,0.669,0.912,B2,1558843,A>G,PA14_18150,Y603C(TAC>TGC),genotype-3
58,229,746,0,0,0,0.147,0,0,0.223,B1,1561046,A>C,PA14_18200,T215P(ACG>CCG),genotype-44
290,228,384,0,0,0.191,0,0,0.221,0.148,B2,1561046,A>C,PA14_18200,T215P(ACG>CCG),genotype-22
287,224,382,0,0,0.109,0,0,0.132,0.106,B2,1561005,A>C,PA14_18200,D201A(GAC>GCC),genotype-46
587,226,644,0,0,NA,0,0.128,NA,0.104,P1,1561020,A>C,PA14_18200,Q206P(CAG>CCG),genotype-18
288,225,464,0,0.118,0,0,0.126,0,0,B2,1561010,T>G,PA14_18200,W203G(TGG>GGG),genotype-39
289,227,627,0,0.101,0.121,0,0,0,0,B2,1561040,A>C,PA14_18200,T213P(ACC>CCC),genotype-15
61,234,21,0,0,0,0.112,0.273,0,0.075,B1,1615365,A>G,PA14_18760,Q346R(CAG>CGG),genotype-23
291,235,328,0,0,0,0,0,0.67,0.677,B2,1624748,C>T,PA14_18830,A460A(GCC>GCT),genotype-32
62,236,22,0,0,0,0,0.205,0.079,0.085,B1,1626801,C>T,PA14_18860,L167L(CTG>TTG),genotype-2
64,240,23,0,0,0,0.132,0.148,0,0,B1,1656568,A>G,PA14_19190,Q61R(CAG>CGG),genotype-29
65,241,421,0,0,0,0.136,0.464,0.931,0.922,B1,1664991,C>T,PA14_19310,V152I(GTC>ATC),genotype-8
457,242,150,0,0,0,0.063,0.09,0,0,B3,1670260,T>A,PA14_19340</<PA14_19350,intergenic(-108/+29),genotype-8
66,243,24,0,0,0.193,0.103,0,0.13,0.093,B1,1675825,A>T,PA14_19380>/<PA14_19390,intergenic(+160/+96),geotype-46
458,244,269,0,0.122,0.077,0,0,0.102,0,B3,1675825,A>T,PA14_19380>/<PA14_19390,intergenic(+160/+96),genotype-13
67,245,679,0,0,0,0.558,0.453,0.945,0.917,B1,1681853,A>G,PA14_19450,N6D(AAC>GAC),genotype-6
294,247,788,0,0,0.116,0,0,0,0.105,B2,1705601,A>C,PA14_19800,S245A(TCG>GCG),genotype-5
68,249,440,0,0,0,0.071,0,0,0.1,B1,1711048,T>G,PA14_19850,L366R(CTG>CGG),genotype-16
459,248,151,0,0.066,0,0.089,0.068,0.064,0.081,B3,1711048,T>G,PA14_19850,L366R(CTG>CGG),genotype-15
550,252,824,0,0,NA,0.104,0,NA,0.17,P1,1718832,A>C,PA14_19940,L45R(CTG>CGG),genotype-15
793,251,736,0,0,NA,0,0.163,NA,0.124,P3,1718832,A>C,PA14_19940,L45R(CTG>CGG),genotype-20
572,253,865,0,0,NA,0,0.187,NA,0.118,P1,1721465,A>C,PA14_20000,E242A(GAG>GCG),genotype-22
70,254,25,0,0,0.054,0.05,0,0.067,0.058,B1,1732488,A>C,PA14_20100,N153T(AAC>ACC),genotype-36
805,262,407,0,0,NA,0.11,0.108,NA,0.111,P3,1762761,G>T,PA14_20510,R85L(CGA>CTA),genotype-23
295,264,531,0,0,0,0,0.107,0,0.11,B2,1762761,G>T,PA14_20510,R85L(CGA>CTA),genotype-36
72,260,26,0,0.089,0.084,0.092,0.096,0.094,0.096,B1,1762759,G>T,PA14_20510,E84D(GAG>GAT),genotype-32
73,261,27,0,0,0,0.102,0.115,0,0,B1,1762761,G>T,PA14_20510,R85L(CGA>CTA),genotype-25
615,263,511,0,0.104,NA,0.11,0,NA,0,P1,1762761,G>T,PA14_20510,R85L(CGA>CTA),genotype-11
668,265,766,0,0.119,NA,0.095,0,NA,0,P2,1762761,G>T,PA14_20510,R85L(CGA>CTA),genotype-14
296,266,851,0,0.494,1,1,1,1,1,B2,1768480,T>C,PA14_20550</>amiE,intergenic(-139/-128),genotype-13
616,267,510,0,0.101,NA,0.08,0,NA,0,P1,1787262,A>C,PA14_20760>/>PA14_20770,intergenic(+23/-292),genotype-11
74,268,484,0,0,0,0,0.065,0.086,0.103,B1,1812205,T>G,PA14_21020,S1491R(AGC>CGC),genotype-9
460,269,758,0,0,0,0.083,0,0.135,0.129,B3,1818069,C>A,PA14_21030>/<PA14_21040,intergenic(+307/+38),genotype-4
594,270,864,0,0,NA,0,0.189,NA,0.101,P1,1818069,C>A,PA14_21030>/<PA14_21040,intergenic(+307/+38),genotype-22
297,272,850,0,0.566,1,1,1,1,1,B2,1846366,A>G,PA14_21300</<phaJ1,intergenic(-80/+71),genotype-13
539,273,731,0,0,NA,0,0.378,NA,0.469,P1,1885380,C>T,PA14_21700,V608M(GTG>ATG),genotype-24
298,275,378,0,0,0.159,0,0,0.162,0.201,B2,1913775,T>G,PA14_21990</<rluA,intergenic(-138/+31),genotype-22
571,274,340,0,0,NA,0.185,0,NA,0.119,P1,1913775,T>G,PA14_21990</<rluA,intergenic(-138/+31),genotype-17
299,278,751,0,0,0,0,0,0.151,0.313,B2,1925654,C>T,PA14_22090</<PA14_22100,intergenic(-1522/+468),genotype-16
76,279,29,0,0,0,0.126,0.157,0,0,B1,1942585,C>T,PA14_22310,A437T(GCC>ACC),genotype-29
300,280,265,0,0,0,0,0.177,0,0.128,B2,1949385,C>T,PA14_22370,S569S(AGC>AGT),genotype-1
462,281,153,0,0,0,0.11,0.129,0.151,0,B3,1955953,T>G,PA14_22470,S201R(AGC>CGC),genotype-2
756,285,453,0,0,NA,0.36,0,NA,0.378,P3,1970478,T>G,PA14_22650,S48R(AGC>CGC),genotype-15
546,284,368,0,0,NA,0.4,0,NA,0.357,P1,1970478,T>G,PA14_22650,S48R(AGC>CGC),genotype-12
547,287,389,0,0,NA,0,0.208,NA,0.238,P1,1970489,T>G,PA14_22650,N44T(AAC>ACC),genotype-13
303,288,556,0,0,0.178,0.24,0,0,0.193,B2,1970489,T>G,PA14_22650,N44T(AAC>ACC),genotype-54
302,283,789,0,0,0.064,0,0,0,0.1,B2,1970463,G>C,PA14_22650,P53A(CCG>GCG),genotype-5
77,286,454,0,0.38,0.432,0,0,0,0,B1,1970478,T>G,PA14_22650,S48R(AGC>CGC),genotype-47
669,289,730,0,0.28,NA,0.213,0,NA,0,P2,1970489,T>G,PA14_22650,N44T(AAC>ACC),genotype-7
78,291,30,0,0,0,0,0.094,0.071,0,B1,1993631,A>C,PA14_22980>/>PA14_22990,intergenic(+63/-38),genotype-41
307,301,376,0,0,0.117,0,0,0.142,0.157,B2,2004653,A>C,PA14_23110,E323A(GAG>GCG),genotype-46
784,295,409,0,0,NA,0.123,0.113,NA,0.132,P3,2004636,T>G,PA14_23110,G317G(GGT>GGG),genotype-23
306,299,380,0,0,0.15,0,0,0.177,0.12,B2,2004646,A>C,PA14_23110,S321R(AGC>CGC),genotype-22
80,293,436,0,0,0,0.093,0,0,0.108,B1,2004624,T>G,PA14_23110,R313R(CGT>CGG),genotype-16
305,297,377,0,0,0.096,0,0,0.136,0.107,B2,2004641,A>C,PA14_23110,Q319P(CAG>CCG),genotype-46
670,294,813,0,0.121,NA,0.103,0.115,NA,0,P2,2004624,T>G,PA14_23110,R313R(CGT>CGG),genotype-12
671,296,814,0,0.135,NA,0.147,0.113,NA,0,P2,2004636,T>G,PA14_23110,G317G(GGT>GGG),genotype-10
672,298,815,0,0.112,NA,0.115,0.132,NA,0,P2,2004641,A>C,PA14_23110,Q319P(CAG>CCG),genotype-13
673,300,767,0,0.124,NA,0.106,0,NA,0,P2,2004646,A>C,PA14_23110,S321R(AGC>CGC),genotype-14
674,302,770,0,0.13,NA,0.138,0,NA,0,P2,2004653,A>C,PA14_23110,E323A(GAG>GCG),genotype-14
618,303,195,0,0.059,NA,0.05,0,NA,0,P1,2010328,C>G,PA14_23200,A27P(GCC>CCC),genotype-104
464,306,154,0,0,0,0,0.102,0.082,0,B3,2056386,C>A,PA14_23630>/>PA14_23640,intergenic(+55/-38),genotype-1
82,308,677,0,0,0,0.595,0.463,0.933,0.911,B1,2058890,G>A,PA14_23670,F25F(TTC>TTT),genotype-6
308,307,725,0,0,0,0.28,0.863,0.703,0.86,B2,2058371,T>C,PA14_23670,A198A(GCA>GCG),genotype-3
466,311,447,0,0.171,0,0,0,0.108,0,B3,2102353,T>G,PA14_24230,L46R(CTG>CGG),genotype-21
675,312,499,0,0.12,NA,0,0.159,NA,0,P2,2102353,T>G,PA14_24230,L46R(CTG>CGG),genotype-3
309,313,716,0,0,0,0.336,0.805,0.759,0.923,B2,2119082,C>T,PA14_24360,A436V(GCG>GTG),gnotype-24
676,314,816,0,0.113,NA,0.09,0.147,NA,0,P2,2120306,T>G,PA14_24360,V844G(GTC>GGC),genotype-13
310,316,355,0,0,0,0,0,0.593,0.662,B2,2169208,A>G,PA14_24810,P167P(CCT>CCC),genotype-32
311,317,318,0,0,0,0,0,0.652,0.661,B2,2181639,C>T,PA14_24960,A38V(GCC>GTC),genotype-32
575,322,836,0,0,NA,0.112,0,NA,0.112,P1,2225908,C>A,PA14_25470,L81F(TTG>TTT),genotype-23
468,324,469,0,0,0,0,0,0.517,0.777,B3,2252203,C>T,PA14_25800,P100S(CCG>TCG),genotype-22
313,325,558,0,0,0,0,0.4,0.637,0.672,B2,2252335,C>T,PA14_25800,R144C(CGT>TGT),genotype-55
678,327,593,0,0,NA,0,0.091,NA,0.11,P2,2260020,T>G,PA14_25900>/<PA14_25910,intergenic(+70/+3),genotype-15
83,326,352,0,0.135,0,0,0.119,0,0,B1,2260020,T>G,PA14_25900>/<PA14_25910,intergenic(+70/+3),genotype-10
314,328,110,0,0,0,0,0.07,0.084,0,B2,2262321,A>C,PA14_25930</<PA14_25940,intergenic(-45/+28),genotype-48
469,329,156,0,0,0,0.072,0.072,0,0,B3,2291640,A>C,PA14_26260,C103G(TGC>GGC),genotype-8
470,330,157,0,0,0.106,0.077,0,0.072,0,B3,2293710,T>G,PA14_26280,L197R(CTG>CGG),genotype-14
317,340,111,0,0,0,0.464,0,0.186,0.068,B2,2320588,C>T,PA14_26640,R468H(CGT>CAT),genotype-25
585,342,647,0,0,NA,0,0.134,NA,0.105,P1,2344945,T>G,PA14_26960,L33R(CTG>CGG),genotype-18
473,341,275,0,0.111,0.086,0,0,0.121,0,B3,2344945,T>G,PA14_26960,L33R(CTG>CGG),genotype-13
318,343,323,0,0,0,0,0.055,0.637,0.65,B2,2371817,G>A,PA14_27330</>PA14_27350,intergenic(-76/-100),genotype-35
319,344,322,0,0,0,0,0,0.646,0.608,B2,2394817,C>T,PA14_27590,L145L(CTG>CTA),genotype-21
84,345,786,0,0,0,0,0,0.21,0.34,B1,2395661,A>G,PA14_27610>/>PA14_27620,intergenic(+39/-46),genotype-11
85,346,781,0,0,0,0,0,0.241,0.314,B1,2408637,T>C,PA14_27770,L284P(CTG>CCG),genotype-11
86,347,32,0,0,0,0,0.176,0.052,0.051,B1,2434991,C>T,PA14_28110,Q90Q(CAG>CAA),genotype-2
605,348,196,0,0,NA,0.072,0.08,NA,0.058,P1,2437278,A>C,PA14_28140>/>PA14_28150,intergenic(+52/-32),genotype-27
549,350,403,0,0,NA,0.198,0,NA,0.193,P1,2449647,A>C,PA14_28340>/<PA14_28350,intergenic(+16/+32),genotype-14
559,353,284,0,0,NA,0.097,0.132,NA,0.14,P1,2449660,T>G,PA14_28340>/<PA14_28350,intergenic(+29/+19),genotype-19
320,355,791,0,0,0.139,0,0,0,0.107,B2,2449660,T>G,PA14_28340>/<PA14_28350,intergenic(+29/+19),genotype-5
474,352,449,0,0.122,0,0,0,0.125,0,B3,2449657,T>G,PA14_28340>/<PA14_28350,intergenic(+26/+22),genotype-21
619,351,433,0,0.155,NA,0.07,0,NA,0,P1,2449657,T>G,PA14_28340>/<PA14_28350,intergenic(+26/+22),genotype-32
842,349,615,0,0.127,NA,0,0.09,NA,0,P3,2449644,A>C,PA14_28340>/<PA14_28350,intergenic(+13/+35),genotype-4
843,354,620,0,0.124,NA,0,0.161,NA,0,P3,2449660,T>G,PA14_28340>/<PA14_28350,intergenic(+29/+19),genotype-4
475,356,158,0,0,0,0,0,0.065,0.058,B3,2475856,G>T,PA14_28760,pseudogene(106/1137nt),genotype-3
87,357,425,0,0,0,0.154,0.465,0.923,0.91,B1,2479069,A>G,PA14_28790,Y32C(TAC>TGC),genotype-8
476,358,159,0,0.098,0,0.11,0.099,0,0.119,B3,2482062,G>T,PA14_28810,G552C(GGC>TGC),genotype-25
321,359,465,0,0.121,0,0,0.105,0,0,B2,2482062,G>T,PA14_28810,G552C(GGC>TGC),genotype-39
322,360,357,0,0,0,0,0,0.627,0.57,B2,2486049,C>T,PA14_28820,P138S(CCG>TCG),genotype-21
88,361,33,0,0,0,0,0.094,0.057,0.054,B1,2492517,A>G,PA14_28880,pseudogene(837/868nt),genotype-9
747,362,842,0,0,NA,0,0.436,NA,0.534,P3,2496089,G>A,PA14_28895,R1383C(CGT>TGT),genotype-2
477,363,803,0,0,0,0,0.129,0.706,0.886,B3,2503776,C>T,PA14_28950,*131*(TGA>TAA),genotype-5
681,364,771,0,0.113,NA,0.119,0,NA,0,P2,2504870,T>A,PA14_28970,H8Q(CAT>CAA),genotype-14
323,365,798,0,0,0.199,0,0,0,0.197,B2,2508668,T>G,PA14_29010,Q53P(CAG>CCG),genotype-17
478,366,160,0,0.062,0,0,0,0.053,0.069,B3,2514990,C>A,PA14_29070,L228L(CTG>CTT),genotype-17
682,367,215,0,0,NA,0.061,0.059,NA,0.08,P2,2527857,G>T,PA14_29220,L86L(CTC>CTA),genotype-1
89,368,34,0,0,0,0,0.198,0.08,0.075,B1,2530935,C>T,PA14_29240,V109V(GTC>GTT),genotype-2
90,369,671,0,0,0,0.553,0.521,0.927,0.91,B1,2532372,C>T,PA14_29260,A192A(GCC>GCT),genotype-6
620,370,452,0,0.114,NA,0,0.147,NA,0,P1,2539342,A>C,PA14_29340,P23P(CCT>CCG),genotype-5
324,372,112,0,0,0,0,0,0.112,0.072,B2,2554762,T>G,PA14_29460,Q22P(CAG>CCG),genotype-11
91,371,35,0,0,0,0,0,0.088,0.053,B1,2553895,A>G,PA14_29460,L311P(CTG>CCG),genotype-3
683,373,502,0,0.104,NA,0,0.126,NA,0,P2,2570315,T>G,PA14_29660,V235G(GTC>GGC),genotype-3
95,381,254,0,0,0,0,0.078,0,0.101,B1,2674259,A>C,PA14_30820,E389A(GAG>GCG),genotype-12
325,382,324,0,0,0,0,0,0.683,0.66,B2,2674971,A>G,PA14_30830,L362P(CTG>CCG),genotype-32
97,389,743,0,0,0,0.111,0,0,0.193,B1,2703364,A>C,PA14_31070,C82G(TGC>GGC),genotype-44
96,387,488,0,0,0,0,0,0.109,0.163,B1,2703351,T>G,PA14_31070,Q86P(CAG>CCG),genotype-35
552,391,599,0,0,NA,0.105,0.173,NA,0.162,P1,2703383,T>G,PA14_31070,A75A(GCA>GCC),genotype-16
326,384,455,0,0,0,0,0,0.169,0.125,B2,2703245,A>C,PA14_31070,R121R(CGT>CGG),genotype-50
574,390,837,0,0,NA,0.089,0,NA,0.113,P1,2703364,A>C,PA14_31070,C82G(TGC>GGC),genotype-23
586,393,830,0,0,NA,0.11,0,NA,0.105,P1,2703392,A>C,PA14_31070,A72A(GCT>GCG),genotype-23
327,392,628,0,0.144,0.145,0,0,0,0,B2,2703392,A>C,PA14_31070,A72A(GCT>GCG),genotype-15
621,386,507,0,0.121,NA,0.09,0,NA,0,P1,2703265,T>G,PA14_31070,T115P(ACG>CCG),genotype-11
622,388,513,0,0.126,NA,0.12,0,NA,0,P1,2703351,T>G,PA14_31070,Q86P(CAG>CCG),genotype-10
686,385,773,0,0.169,NA,0.095,0,NA,0,P2,2703245,A>C,PA14_31070,R121R(CGT>CGG),genotype-16
623,394,197,0,0,NA,0.053,0.078,NA,0,P1,2710585,G>T,PA14_31170>/<PA14_31180,intergenic(+325/+87),genotype-30
844,395,662,0,0.104,NA,0.088,0,NA,0,P3,2729867,G>T,PA14_31380</>PA14_31390,intergenic(-67/-283),genotype-5
98,396,37,0,0,0,0.063,0.079,0,0,B1,2730849,G>T,PA14_31400,T552T(ACC>ACA),genotype-25
99,397,668,0,0,0,0.576,0.455,0.937,0.899,B1,2736221,C>T,PA14_31470,A294V(GCG>GTG),genotype-6
100,398,38,0,0,0,0,0,0.072,0.055,B1,2759002,A>C,PA14_31720,E306A(GAG>GCG),genotype-3
102,400,294,0,0,0,0.151,0.154,0.171,0.168,B1,2807687,A>C,PA14_32300,Q277P(CAG>CCG),genotype-5
777,401,737,0,0,NA,0,0.153,NA,0.147,P3,2807687,A>C,PA14_32300,Q277P(CAG>CCG),genotype-20
101,399,39,0,0,0,0.054,0.053,0.076,0.077,B1,2807679,C>G,PA14_32300,G274G(GGC>GGG),genotype-4
328,403,466,0,0.111,0,0,0.082,0,0,B2,2822635,T>G,PA14_32460,N161T(AAC>ACC),genotype-39
479,402,161,0,0,0,0,0.097,0.083,0,B3,2822635,T>G,PA14_32460,N161T(AAC>ACC),genotype-1
687,404,591,0,0,NA,0,0.091,NA,0.109,P2,2837574,T>G,PA14_32660</<PA14_32670,intergenic(-63/+15),genotype-15
329,405,582,0,0,0,0,0,1,1,B2,2854569,(G)6>7,PA14_32790,coding(6002/15639nt),genotype-8
330,411,796,0,0,0.135,0,0,0,0.138,B2,2870826,G>T,PA14_32830,P760T(CCA>ACA),genotype-27
480,406,479,0,0,0,0,0.127,0,0.121,B3,2870814,C>A,PA14_32830,D764Y(GAC>TAC),genotype-24
570,409,290,0,0,NA,0.124,0.117,NA,0.121,P1,2870820,G>T,PA14_32830,P762T(CCT>ACT),genotype-19
797,407,735,0,0,NA,0,0.127,NA,0.121,P3,2870814,C>A,PA14_32830,D764Y(GAC>TAC),genotype-25
688,408,862,0,0,NA,0.124,0.122,NA,0.111,P2,2870814,C>A,PA14_32830,D764Y(GAC>TAC),genotype-18
689,410,764,0,0.125,NA,0.135,0,NA,0,P2,2870826,G>T,PA14_32830,P760T(CCA>ACA),genotype-14
331,412,113,0,0,0.062,0.072,0,0,0,B2,2902924,C>G,PA14_33150>/<PA14_33160,intergenic(+107/+28),genotype-30
332,413,723,0,0,0,0.255,0.859,0.76,0.91,B2,2942927,A>G,PA14_33440,E80E(GAA>GAG),genotype-3
791,414,742,0,0,NA,0,0.149,NA,0.126,P3,2954003,T>G,PA14_33570,Q75P(CAG>CCG),genotype-20
333,415,399,0,0,0,0,0,0.281,0.12,B2,2966659,G>A,PA14_33610,A3349T(GCG>ACG),genotype-23
845,418,613,0,0.107,NA,0,0.084,NA,0,P3,3016475,C>G,PA14_33920</>PA14_33930,intergenic(-133/-144),genotype-6
846,423,233,0,0.087,NA,0.086,0.072,NA,0,P3,3060387,G>T,PA14_34410,L241M(CTG>ATG),genotype-7
690,424,818,0,0.122,NA,0.087,0.099,NA,0,P2,3082251,T>G,PA14_34700 (beta lactamase),L90R(CTC>CGC),genotype-19
107,425,42,0,0,0,0,0.073,0.113,0.091,B1,3085248,A>C,PA14_34720>/<PA14_34730,intergenic(+35/+41),genotype-9
741,426,839,0,0,NA,0,0.477,NA,0.593,P3,3092521,C>T,PA14_34810,P546L(CCC>CTC),genotype-2
108,428,354,0,0.11,0,0,0.102,0,0,B1,3117881,A>C,PA14_35020,L409R(CTC>CGC),genotype-10
338,445,749,0,0,0,0,0,0.193,0.36,B2,3198651,G>A,PA14_35940,pseudogene(1431/1650nt),genotype-16
114,446,560,0,0,0,0,0.186,0.85,0.872,B1,3200856,C>T,PA14_35950,G26D(GGC>GAC),genotype-114
115,447,395,0,0,0,0,0,1,1,B1,3208202,(G)7>6,PA14_36020,coding(442/2304nt),genotype-15
116,448,44,0,0,0,0,0.281,0.083,0.079,B1,3240246,C>T,PA14_36370,A39T(GCC>ACC),genotype-2
339,449,726,0,0,0,0.229,0.872,0.724,0.9,B2,3240481,A>G,PA14_36375,I17T(ATA>ACA),genotype-3
340,451,115,0,0,0.072,0,0,0.081,0.057,B2,3267373,A>C,PA14_36680,Q174P(CAG>CCG),genotype-4
693,453,595,0,0,NA,0,0.114,NA,0.16,P2,3277347,T>G,PA14_36740</<PA14_36760,intergenic(-59/+85),genotype-4
117,452,439,0,0,0,0.113,0,0,0.121,B1,3277347,T>G,PA14_36740</<PA14_36760,intergenic(-59/+85),genotype-16
341,456,795,0,0,0.121,0,0,0,0.103,B2,3285450,C>A,PA14_36850</>PA14_36860,intergenic(-80/-164),genotype-5
624,454,431,0,0.142,NA,0.11,0,NA,0,P1,3285450,C>A,PA14_36850</>PA14_36860,intergenic(-80/-164),genotype-32
694,455,503,0,0.124,NA,0,0.12,NA,0,P2,3285450,C>A,PA14_36850</>PA14_36860,intergenic(-80/-164),genotype-3
118,457,45,0,0.088,0,0.07,0.082,0.066,0.074,B1,3308602,A>C,PA14_37130,S266A(TCG>GCG),genotype-4
485,458,164,0,0,0,0,0.064,0.055,0,B3,3308610,T>G,PA14_37130,D263A(GAC>GCC),genotype-1
119,459,46,0,0,0,0,0,0.072,0.065,B1,3329523,C>A,PA14_37400,S317S(TCC>TCA),genotype-3
120,460,473,0,0.107,0.111,0,0,0,0,B1,3349010,A>C,PA14_37630>/>PA14_37640,intergenic(+7/-139),genotype-17
825,462,234,0,0,NA,0,0.06,NA,0.061,P3,3392459,A>C,PA14_38020</>PA14_38030,intergenic(-74/-451),genotype-29
342,463,116,0,0,0,0,0,0.057,0.088,B2,3415597,G>A,PA14_38320,G167S(GGC>AGC),genotype-6
122,466,373,0,0,0,1,1,1,1,B1,3442002,(C)6>7,PA14_38580,coding(85/1392nt),genotype-18
773,467,872,0,0,NA,0,0.257,NA,0.156,P3,3494322,A>G,PA14_39240,N163S(AAC>AGC),genotype-21
746,468,840,0,0,NA,0,0.412,NA,0.539,P3,3517725,A>G,PA14_39520,S495S(AGT>AGC),genotype-2
343,471,117,0,0.104,0,0,0,0.077,0.124,B2,3553789,A>C,PA14_39860,D242A(GAC>GCC),genotype-7
695,470,809,0,0.107,NA,0.098,0.124,NA,0,P2,3553408,T>G,PA14_39860,V115G(GTG>GGG),genotype-12
344,472,581,0,0,0,0,0,1,1,B2,3569008,(C)5>4,PA14_40040,coding(1419/2430nt),genotype-8
486,473,165,0,0.067,0,0.067,0.05,0.051,0,B3,3574024,A>C,PA14_40100,D316A(GAC>GCC),genotype-27
123,474,348,0,0.112,0,0,0.084,0,0,B1,3582492,A>C,PA14_40200>/>PA14_40210,intergenic(+24/-134),genotype-10
581,475,341,0,0,NA,0.131,0,NA,0.109,P1,3595942,T>G,PA14_40260,D258A(GAC>GCC),genotype-23
696,477,303,0,0,NA,0.162,0,NA,0.141,P2,3599199,C>G,PA14_40280>/<lasA,intergenic(+111/+16),genotype-21
595,476,288,0,0,NA,0.113,0.127,NA,0.101,P1,3599192,C>G,PA14_40280>/<lasA,intergenic(+104/+23),genotype-19
607,486,198,0,0,NA,0,0.055,NA,0.052,P1,3687081,C>A,PA14_41320,noncoding(18/85nt),genotype-28
489,487,478,0,0,0,0,0.119,0,0.136,B3,3696016,T>G,PA14_41440,L252R(CTG>CGG),genotype-24
346,490,118,0,0,0,0.051,0.177,0,0.058,B2,3716349,A>G,PA14_41630,V17A(GTC>GCC),genotype-10
127,491,424,0,0,0,0.141,0.473,0.943,0.922,B1,3724236,T>C,PA14_41730,V82A(GTC>GCC),genotype-8
347,492,119,0,0,0,0,0,0.115,0.091,B2,3759429,T>C,PA14_42140,I137V(ATC>GTC),genotype-11
129,496,625,0,0.148,0,0.089,0,0,0,B1,3804190,A>C,PA14_42770,S50R(AGC>CGC),genotype-21
132,499,51,0,0,0,0.159,0.292,0,0.08,B1,3843802,G>A,PA14_43150,P96S(CCC>TCC),genotype-23
133,500,52,0,0,0,0.401,0.446,0,0.068,B1,3844152,T>C,PA14_43150</>PA14_43160,intergenic(-65/-166),genotype-20
134,501,53,0,0.052,0.071,0.079,0,0.055,0,B1,3847246,A>C,PA14_43180,V32G(GTC>GGC),genotype-7
490,503,330,0,0,0,0.07,0,0,0.112,B3,3870960,A>C,PA14_43460,E38A(GAG>GCG),genotype-11
700,504,588,0,0,NA,0,0.114,NA,0.128,P2,3872400,A>C,PA14_43460>/>PA14_43480,intergenic(+23/-115),genotype-4
850,505,604,0,0.127,NA,0,0.105,NA,0,P3,3872400,A>C,PA14_43460>/>PA14_43480,intergenic(+23/-115),genotype-4
851,506,236,0,0,NA,0.073,0.095,NA,0,P3,3872421,A>C,PA14_43460>/>PA14_43480,intergenic(+44/-94),genotype-10
135,507,54,0,0,0,0.206,0.182,0.188,0,B1,3875924,T>G,PA14_43520,E207A(GAG>GCG),genotype-24
491,508,727,0,0.207,0.172,0.164,0,0,0,B3,3875924,T>G,PA14_43520,E207A(GAG>GCG),genotype-19
136,509,351,0,0.124,0,0,0.117,0,0,B1,3877253,T>G,PA14_43530</<PA14_43540,intergenic(-39/+41),genotype-10
348,510,680,0,0,0,0.117,0,0,0.102,B2,3904035,G>C,PA14_43840</<htpG,intergenic(-35/+33),genotype-12
625,513,450,0,0.135,NA,0,0.154,NA,0,P1,3926441,C>A,PA14_44100</>PA14_44110,intergenic(-71/-42),genotype-5
349,515,724,0,0,0,0.276,0.85,0.698,0.898,B2,3947515,T>C,PA14_44340,F91L(TTC>CTC),genotype-3
599,520,199,0,0,NA,0.097,0.09,NA,0.078,P1,3964225,C>A,PA14_44510>/>PA14_44520,intergenic(+62/-347),genotype-21
852,521,605,0,0.11,NA,0,0.121,NA,0,P3,3968520,A>C,PA14_44570,Q288P(CAG>CCG),genotype-4
143,522,58,0,0,0,0,0.076,0.094,0.085,B1,3968572,T>G,PA14_44570>/>PA14_44580,intergenic(+27/-47),genotype-9
702,523,280,0,0,NA,0.105,0.076,NA,0.112,P2,3995195,C>G,PA14_44830,G23G(GGC>GGG),genotype-25
591,524,827,0,0,NA,0.096,0,NA,0.102,P1,3995195,C>G,PA14_44830,G23G(GGC>GGG),genotype-23
350,525,120,0,0.065,0.056,0,0,0,0.054,B2,3995198,T>G,PA14_44830,D24E(GAT>GAG),genotype-14
744,526,843,0,0,NA,0,0.4,NA,0.546,P3,4007240,T>C,PA14_44950,V41A(GTG>GCG),genotype-2
760,530,701,0,0,NA,0,0.116,NA,0.358,P3,4011127,A>G,PA14_44980>/<PA14_44990,intergenic(+154/+251),genotype-13
144,527,253,0,0,0,0,0.125,0,0.145,B1,4010989,T>G,PA14_44980>/<PA14_44990,intergenic(+16/+389),genotype-12
492,528,331,0,0,0,0.104,0,0,0.126,B3,4010989,T>G,PA14_44980>/<PA14_44990,intergenic(+16/+389),genotype-11
853,529,606,0,0.135,NA,0,0.135,NA,0,P3,4010998,T>G,PA14_44980>/<PA14_44990,intergenic(+25/+380),genotype-4
145,533,293,0,0,0,0.188,0.171,0.232,0.244,B1,4019774,T>G,PA14_45060,W219G(TGG>GGG),genotype-5
554,534,602,0,0,NA,0.146,0.195,NA,0.153,P1,4019774,T>G,PA14_45060,W219G(TGG>GGG),genotype-16
788,532,413,0,0,NA,0.115,0.136,NA,0.13,P3,4019759,C>G,PA14_45060,L214V(CTG>GTG),genotype-23
351,535,635,0,0.184,0.191,0,0,0,0,B2,4019774,T>G,PA14_45060,W219G(TGG>GGG),genotype-9
703,531,217,0,0.077,NA,0.094,0.117,NA,0,P2,4019759,C>G,PA14_45060,L214V(CTG>GTG)â€¡,genotype-12
704,536,759,0,0.141,NA,0.132,0,NA,0,P2,4019789,G>C,PA14_45060,A224P(GCC>CCC),genotype-16
764,540,700,0,0,NA,0,0.066,NA,0.315,P3,4090767,G>A,PA14_45980>/>PA14_46000,A232T(GCC>ACC),genotype-17
493,541,498,0,0,0,0,0.105,0.12,0.135,B3,4095639,T>G,PA14_46030,V334G(GTG>GGG),genotype-24
148,542,538,0,0.126,0,0,0.144,0.085,0,B1,4095639,T>G,PA14_46030,V334G(GTG>GGG),genotype-28
352,543,626,0,0.106,0.147,0,0,0,0,B2,4095639,T>G,PA14_46030,V334G(GTG>GGG),genotype-15
563,546,838,0,0,NA,0.098,0,NA,0.132,P1,4100291,C>A,PA14_46110,P93Q(CCG>CAG),genotype-15
810,549,515,0,0,NA,0.079,0,NA,0.107,P3,4100296,C>G,PA14_46110,L95V(CTG>GTG),genotype-24
494,545,168,0,0.155,0.148,0,0.111,0,0.105,B3,4100291,C>A,PA14_46110,P93Q(CCG>CAG),genotype-26
706,547,279,0,0,NA,0.098,0.087,NA,0.102,P2,4100296,C>G,PA14_46110,L95V(CTG>GTG),genotype-25
626,548,514,0,0.104,NA,0.074,0,NA,0,P1,4100296,C>G,PA14_46110,L95V(CTG>GTG),genotype-11
627,550,432,0,0.137,NA,0.105,0,NA,0,P1,4100302,C>A,PA14_46110,L97M(CTG>ATG),genotype-32
707,551,823,0,0.135,NA,0.136,0.112,NA,0,P2,4100302,C>A,PA14_46110,L97M(CTG>ATG),genotype-10
708,552,810,0,0.109,NA,0.103,0.119,NA,0,P2,4103781,A>C,PA14_46140,D229A(GAC>GCC),genotype-12
628,553,504,0,0.104,NA,0.092,0,NA,0,P1,4117807,A>C,PA14_46280>/<PA14_46290,intergenic(+20/+112),genotype-11
353,554,752,0,0,0,0,0,0.169,0.329,B2,4119246,G>A,PA14_46300,P201P(CCG>CCA),genotype-16
151,558,578,0,0,0,0,0.262,0.833,0.845,B1,4162451,G>A,PA14_46700,G176G(GGC>GGT),genotype-114
355,561,681,0,0,0,0.141,0,0,0.106,B2,4167197,Æ1p,PA14_46780>/>PA14_46800,intergenic(+42/-130),genotype-12
854,560,608,0,0.111,NA,0,0.095,NA,0,P3,4167197,Æ1p,PA14_46780>/>PA14_46800,intergenic(+42/-130),genotype-4
356,562,298,0,0,0,0,1,1,1,B2,4172466,(C)6>7,PA14_46850,coding(450/693nt),genotype-18
357,566,325,0,0,0,0.054,0.101,0.694,0.632,B2,4186142,T>C,PA14_46990,V16A(GTC>GCC),genotpe-19
812,567,740,0,0,NA,0,0.11,NA,0.106,P3,4186239,C>A,PA14_46990,F48L(TTC>TTA),genotype-25
804,568,738,0,0,NA,0,0.104,NA,0.112,P3,4192775,A>C,PA14_47070,L78R(CTG>CGG),genotype-25
855,569,238,0,0,NA,0.092,0.111,NA,0,P3,4192817,T>G,PA14_47070,K64T(AAG>ACG),genotype-9
710,570,219,0,0,NA,0.108,0,NA,0.095,P2,4193692,A>C,PA14_47080,S201R(AGC>CGC),genotype-5
785,571,517,0,0,NA,0.137,0,NA,0.132,P3,4195229,T>G,PA14_47090,pseudogene(704/1970nt),genotype-22
822,572,239,0,0,NA,0.088,0.091,NA,0.081,P3,4212286,A>C,PA14_47270>/<PA14_47280,intergenic(+8/+43),genotype-26
711,573,641,0,0,NA,0.117,0,NA,0.101,P2,4212286,A>C,PA14_47270>/<phnX,intergenic(+8/+43),genotype-5
828,574,240,0,0,NA,0.052,0.052,NA,0.053,P3,4219899,T>G,PA14_47360>/>lepB,intergenic(+28/-49),genotype-30
856,575,241,0,0,NA,0.06,0.057,NA,0,P3,4227825,A>C,PA14_47440</<PA14_47450,intergenic(-227/+28),genotype-10
358,576,853,0,0.536,1,1,1,1,1,B2,4233947,C>T,PA14_47530>/>PA14_47540,intergenic(+57/-149),genotype-13
858,579,243,0,0,NA,0.052,0.052,NA,0,P3,4253592,G>C,PA14_47810,P531R(CCG>CGG),genotype-10
789,581,518,0,0,NA,0.137,0,NA,0.13,P3,4262925,T>G,PA14_47900,L10R(CTC>CGC),genotype-22
815,580,516,0,0,NA,0.112,0,NA,0.102,P3,4262924,C>G,PA14_47900,L10V(CTC>GTC),genotype-22
859,582,244,0,0,NA,0.199,0.191,NA,0,P3,4262940,T>G,PA14_47900,L15R(CTC>CGC),genotype-11
152,584,256,0,0,0,0,0.147,0,0.16,B1,4264357,T>G,PA14_47900>/>PA14_47910,intergenic(+18/-147),genotype-12
497,585,364,0,0,0.152,0,0,0,0.133,B3,4264357,T>G,PA14_47900>/>PA14_47910,intergenic(+18/-147),genotype-23
496,583,169,0,0,0,0.056,0.064,0.059,0,B3,4264350,C>G,PA14_47900>/>PA14_47910,intergenic(+11/-154),genotype-2
860,586,245,0,0,NA,0.061,0.071,NA,0,P3,4270181,C>G,PA14_47970,D20E(GAC>GAG),genotype-10
712,587,220,0,0.286,NA,0.293,0.349,NA,0.252,P2,4272359,A>C,PA14_48010,S15R(AGC>CGC),genotype-27
713,588,760,0,0.122,NA,0.11,0,NA,0,P2,4272362,G>C,PA14_48010,A16P(GCC>CCC),genotype-14
153,589,427,0,0,0,0.141,0.476,0.913,0.88,B1,4288694,G>A,PA14_48160,A641A(GCG>GCA),genotype-8
154,590,676,0,0,0,0.578,0.521,0.901,0.921,B1,4293085,G>A,PA14_48210,W95*(TGG>TAG),genotype-6
861,591,246,0,0,NA,0.07,0.076,NA,0,P3,4294961,A>C,PA14_48240,E298A(GAG>GCG),genotype-10
548,592,404,0,0,NA,0.157,0,NA,0.217,P1,4299039,T>G,PA14_48310</>PA14_48320,intergenic(-88/-104),genotype-14
862,593,607,0,0.153,NA,0,0.116,NA,0,P3,4309206,C>G,PA14_48470,D238H(GAC>CAC),genotype-4
582,594,833,0,0,NA,0.106,0,NA,0.108,P1,4313566,G>C,PA14_48520>/>PA14_48530,intergenic(+22/-662),genotype-23
155,595,61,0,0,0,0.053,0.084,0.073,0.068,B1,4322513,C>G,PA14_48610,G31G(GGC>GGG),genotype-4
156,597,707,0,0,0.305,1,1,1,1,B1,4353267,T>C,PA14_49010</>PA14_49020,intergenic(-108/-20),genotype-31
359,596,121,0,0,0,0,0.161,0,0.062,B2,4353211,T>C,PA14_49010</>PA14_49020,intergenic(-52/-76),genotype-10
556,598,342,0,0,NA,0.156,0,NA,0.148,P1,4360335,T>G,PA14_49080</<PA14_49090,intergenic(-59/+43),genotype-17
498,599,536,0,0.155,0.161,0,0,0.192,0,B3,4360335,T>G,PA14_49080</<PA14_49090,intergenic(-59/+43),genotype-13
362,606,379,0,0,0.151,0,0,0.107,0.134,B2,4379800,A>C,PA14_49300,G511G(GGT>GGG),genotype-22
864,607,655,0,0.125,NA,0.095,0,NA,0,P3,4379800,A>C,PA14_49300,G511G(GGT>GGG),genotype-5
365,611,717,0,0,0,0.253,0.858,0.677,0.927,B2,4415667,G>A,PA14_49620,A162T(GCC>ACC),genotype-3
160,612,63,0,0,0,0,0,0.115,0.07,B1,4437129,G>A,PA14_49900,L140L(CTG>CTA),genotype-3
161,614,64,0,0,0,0.076,0.181,0,0,B1,4462689,A>G,PA14_50240,G78G(GGT>GGC),genotype-29
368,618,714,0,0,0,0.204,0.812,0.761,0.909,B2,4492396,T>C,PA14_50570,H650R(CAC>CGC),gnotype-24
596,620,646,0,0,NA,0,0.113,NA,0.1,P1,4496257,T>G,PA14_50590,E12A(GAG>GCG),genotype-18
164,619,622,0,0.118,0,0.108,0,0,0,B1,4496255,G>C,PA14_50590,R13G(CGG>GGG),genotype-21
165,621,370,0,0,0,1,1,1,1,B1,4499878,(C)7>6,PA14_50650,coding(99/522nt),genotype-18
167,623,65,0,0,0,0.096,0.067,0,0.097,B1,4500697,G>T,PA14_50660,P130T(CCC>ACC),genotype-4
166,622,474,0,0.153,0.231,0,0,0,0,B1,4500246,A>C,PA14_50660,L280R(CTG>CGG),genotype-34
168,624,375,0,0,0,1,1,1,1,B1,4522225,(C)6>7,PA14_50870</<PA14_50880,intergenic(-12/+104),genotype-18
169,625,66,0,0,0,0,0,0.078,0.061,B1,4535660,T>C,PA14_51050,G349G(GGA>GGG),genotype-3
170,626,257,0,0,0,0,0.156,0,0.134,B1,4539245,T>G,PA14_51080,S269R(AGC>CGC),genotype-12
171,627,67,0,0,0.062,0.055,0,0,0.064,B1,4539250,A>C,PA14_51080,L267R(CTG>CGG),genotype-36
173,630,779,0,0,0,0,0,0.207,0.384,B1,4580094,T>C,PA14_51510,I21V(ATC>GTC),genotype-11
371,632,713,0,0,0,0.282,0.894,0.729,0.911,B2,4592828,T>C,PA14_51690,Q264Q(CAA>CAG),genotype-3
759,635,705,0,0,NA,0,0.148,NA,0.363,P3,4603691,T>C,PA14_51830,L59P(CTG>CCG),genotype-13
771,638,734,0,0,NA,0,0.133,NA,0.166,P3,4605657,G>A,PA14_51840,R16C(CGT>TGT),genotype-20
817,636,521,0,0,NA,0.108,0,NA,0.101,P3,4604749,G>T,PA14_51840,E184*(GAG>TAG),genotype-22
714,637,761,0,0.12,NA,0.114,0,NA,0,P2,4604749,G>T,PA14_51840,E184*(GAG>TAG),genotype-14
174,640,396,0,0,0,0,0,1,1,B1,4635231,(C)7>6,PA14_52250,coding(389/720nt),genotype-15
372,643,712,0,0,0,0.299,0.828,0.72,0.922,B2,4637303,G>A,PA14_52260,G500D(GGT>GAT),gnotype-24
175,641,562,0,0,0,0,0.197,0.852,0.788,B1,4637141,G>A,PA14_52260,G446D(GGC>GAC),genotype-1
176,642,69,0,0,0,0.123,0.191,0,0,B1,4637270,G>A,PA14_52260,G489D(GGC>GAC),genotype-29
632,644,201,0,0,NA,0.112,0.162,NA,0,P1,4653383,A>C,PA14_52430,G70G(GGA>GGC),genotype-3
177,649,563,0,0,0,0,0.169,0.806,0.807,B1,4676554,T>C,PA14_52760,T186A(ACC>GCC),genotype-1
865,652,611,0,0.101,NA,0,0.083,NA,0,P3,4689738,C>A,PA14_52900,D162Y(GAC>TAC),genotype-6
374,655,793,0,0,0.148,0,0,0,0.14,B2,4707967,A>C,PA14_53110,E268D(GAA>GAC),genotype-27
564,653,283,0,0,NA,0.119,0.128,NA,0.129,P1,4707967,A>C,PA14_53110,E268D(GAA>GAC),genotype-19
501,656,477,0,0,0.128,0,0.119,0,0.126,B3,4707971,T>G,PA14_53110,C270G(TGC>GGC),genotype-26
806,657,522,0,0,NA,0.121,0,NA,0.11,P3,4707971,T>G,PA14_53110,C270G(TGC>GGC),genotype-22
633,659,308,0,0.118,NA,0,0.111,NA,0,P1,4707980,T>G,PA14_53110,F273V(TTC>GTC),genotype-6
716,654,772,0,0.142,NA,0.118,0,NA,0,P2,4707967,A>C,PA14_53110,E268D(GAA>GAC),genotype-16
717,658,775,0,0.144,NA,0.099,0,NA,0,P2,4707971,T>G,PA14_53110,C270G(TGC>GGC),genotype-16
634,660,512,0,0.113,NA,0.077,0,NA,0,P1,4721999,A>C,PA14_53260,E291A(GAG>GCG),genotype-11
502,661,171,0,0,0,0,0.055,0.064,0,B3,4736443,G>T,PA14_53400,A40A(GCC>GCA),genotype-1
745,662,845,0,0,NA,0,0.45,NA,0.542,P3,4749355,G>A,PA14_53560,G189S(GGC>AGC),genotype-2
178,663,550,0,0,0.074,0,0,0,0.1,B1,4757014,C>A,PA14_53620>/>PA14_53630,intergenic(+46/-197),genotype-33
375,664,854,0,0.483,1,1,1,1,1,B2,4757618,T>C,PA14_53630>/>PA14_53640,intergenic(+72/-102),genotype-13
376,666,443,0,0.148,0,0,0,0.157,0,B2,4779596,A>C,PA14_53900,H273P(CAC>CCC),genotype-28
635,665,202,0,0,NA,0.119,0.164,NA,0,P1,4779596,A>C,PA14_53900,H273P(CAC>CCC),genotype-3
718,668,817,0,0.114,NA,0.098,0.086,NA,0,P2,4788232,A>C,PA14_53980,T326P(ACC>CCC),genotype-19
179,670,70,0,0,0.057,0.051,0,0,0.061,B1,4797448,A>C,PA14_54080,S934R(AGC>CGC),genotype-36
181,673,313,0,0,0,0.152,0,0.108,0.142,B1,4830575,T>G,PA14_54480</<PA14_54490,intergenic(+21/-80),genotype-30
866,671,309,0,0.223,NA,0,0.195,NA,0,P3,4817603,G>C,PA14_54480</<PA14_54490,intergenic(-35/+26),genotype-12
503,674,172,0,0,0.074,0.073,0,0.07,0.063,B3,4831608,A>C,PA14_54500,L425R(CTG>CGG),genotype-14
183,677,549,0,0,0.117,0,0,0,0.103,B1,4857311,A>C,PA14_54810,S172R(AGC>CGC),genotype-33
182,675,347,0,0.103,0,0,0.102,0,0,B1,4857303,A>C,PA14_54810,N169T(AAC>ACC),genotype-10
504,676,173,0,0,0,0.066,0.075,0,0,B3,4857308,A>C,PA14_54810,S171R(AGC>CGC),genotype-8
184,678,72,0,0,0,0,0,0.061,0.07,B1,4859773,C>A,PA14_54830,L222M(CTG>ATG),genotype-3
792,680,344,0,0,NA,0,0.082,NA,0.126,P3,4908946,T>G,PA14_55280,S41R(AGC>CGC),genotype-25
505,679,585,0,0,0,0,0,0.1,0.11,B3,4908932,T>G,PA14_55280,E45D(GAA>GAC),genotype-3
185,681,672,0,0,0.058,0.578,0.536,0.943,0.918,B1,4916744,G>A,PA14_55380</<PA14_55390,intergenic(-4/+161),genotype-6
537,683,482,0,0,NA,0.535,1,NA,1,P1,4978985,G>A,pitA,G166D(GGC>GAC),genotype-1
739,685,369,0,0,NA,0.941,1,NA,1,P3,4979755,(GCC)4>3,pitA,coding(1267-1269/1470nt),genotype-1
378,684,711,0,0,0,0.279,0.825,0.726,0.911,B2,4979684,T>C,pitA,V399A(GTC>GCC),gnotype-24
719,686,388,0,0,NA,0.758,0.146,NA,0.488,P2,4979755,(GCC)4>3,pitA,coding(1267-1269/1470nt),genotype-28
379,690,457,0,0,0,0.097,0,0.129,0.145,B2,4994663,C>A,PA14_55940>/>pctC,intergenic(+42/-147),genotype-31
588,689,343,0,0,NA,0.148,0,NA,0.104,P1,4994663,C>A,PA14_55940>/>pctC,intergenic(+42/-147),genotype-23
506,688,273,0,0.134,0.104,0,0,0,0,B3,4994663,C>A,PA14_55940>/>pctC,intergenic(+42/-147),genotype-7
720,691,806,0,0.149,NA,0.122,0.131,NA,0,P2,4994663,C>A,PA14_55940>/>pctC,intergenic(+42/-147),genotype-24
867,687,248,0,0,NA,0.147,0.135,NA,0,P3,4994663,C>A,PA14_55940>/>pctC,intergenic(+42/-147),genotype-9
187,694,438,0,0,0,0.088,0,0,0.127,B1,5025122,A>C,PA14_56280</>PA14_56300,intergenic(-196/-80),genotype-16
508,693,174,0,0,0.109,0.101,0.074,0,0,B3,5025122,A>C,PA14_56280</>PA14_56300,intergenic(-196/-80),genotype-29
766,695,391,0,0,NA,0.199,0,NA,0.219,P3,5038856,T>G,PA14_56520,*112C(TGA>TGC),genotype-19
636,696,693,0,0.194,NA,0.175,0,NA,0,P1,5038856,T>G,PA14_56520,*112C(TGA>TGC),genotype-76
380,697,363,0,0,0,0,0,0.597,0.64,B2,5046341,G>A,PA14_56640,A130T(GCC>ACC),genotype-32
188,698,73,0,0,0,0.078,0,0.079,0.078,B1,5048235,A>C,PA14_56660>/<PA14_56670,intergenic(+26/+34),genotype-37
721,699,222,0,0.072,NA,0.087,0,NA,0,P2,5048235,A>C,PA14_56660>/<PA14_56670,intergenic(+26/+34),genotype-8
381,705,849,0,0.521,1,1,1,1,1,B2,5068336,G>A,PA14_56890,T46T(ACG>ACA),genotype-13
510,707,496,0,0,0,0,0.106,0.084,0.157,B3,5088769,G>C,PA14_57110</<PA14_57130,intergenic(-130/+103),genotype-24
723,721,402,0,0.094,NA,0,0.184,NA,0.208,P2,5166972,T>G,PA14_58070,S173R(AGC>CGC),genotype-29
192,718,540,0,0.136,0,0,0,0.131,0,B1,5166938,A>C,PA14_58070,L184R(CTG>CGG),genotype-26
384,717,463,0,0.142,0,0,0.175,0,0,B2,5166933,G>C,PA14_58070,R186G(CGT>GGT),genotype-33
385,719,631,0,0.126,0.13,0,0,0,0,B2,5166959,A>C,PA14_58070,L177R(CTG>CGG),genotype-15
513,716,686,0,0.109,0,0.069,0,0,0,B3,5166928,G>T,PA14_58070,F187L(TTC>TTA),genotype-12
514,720,684,0,0.129,0,0.112,0,0,0,B3,5166968,T>G,PA14_58070,D174A(GAC>GCC),genotype-12
193,722,675,0,0,0,0.622,0.436,0.93,0.908,B1,5185867,T>C,PA14_58250,A889A(GCA>GCG),genotype-6
195,726,75,0,0.161,0.23,0,0.209,0.166,0.213,B1,5210865,T>G,PA14_58510,*158G(TGA>GGA),genotype-38
194,724,315,0,0,0,0.155,0,0.139,0.168,B1,5210864,C>G,PA14_58510,G157G(GGC>GGG),genotype-30
386,723,268,0,0,0,0,0.157,0,0.144,B2,5210864,C>G,PA14_58510,G157G(GGC>GGG),genotype-1
557,725,596,0,0,NA,0.15,0.155,NA,0.144,P1,5210864,C>G,PA14_58510,G157G(GGC>GGG),genotype-16
387,727,633,0,0.183,0.181,0,0,0,0,B2,5210865,T>G,PA14_58510,*158G(TGA>GGA),genotype-9
388,728,476,0,0.143,0.566,0.838,1,0.9,1,B2,5229792,C>T,PA14_58690,R554H(CGC>CAC),genotype-34
725,731,278,0,0,NA,0.066,0.073,NA,0.111,P2,5248330,G>C,PA14_58900,A459A(GCG>GCC),genotype-1
638,732,305,0,0.125,NA,0,0.091,NA,0,P1,5248330,G>C,PA14_58900,A459A(GCG>GCC),genotype-6
724,730,804,0,0.118,NA,0.111,0.085,NA,0,P2,5248297,A>T,PA14_58900,Q448H(CAA>CAT),genotype-19
576,734,834,0,0,NA,0.093,0,NA,0.111,P1,5255038,C>A,PA14_58960,L177L(CTC>CTA),genotype-23
196,733,76,0,0,0,0.108,0.151,0,0,B1,5255031,C>A,PA14_58960,A175D(GCC>GAC),genotype-29
826,735,249,0,0,NA,0.073,0.06,NA,0.061,P3,5264280,G>T,PA14_59110,G12C(GGT>TGT),genotype-30
726,737,589,0,0,NA,0,0.116,NA,0.116,P2,5290113,G>T,PA14_59390>/>PA14_59400,intergenic(+547/-165),genotype-4
390,736,532,0,0,0,0,0.116,0,0.113,B2,5290113,G>T,PA14_59390>/>PA14_59400,intergenic(+547/-165),genotype-36
515,738,175,0,0,0,0.063,0.078,0.065,0,B3,5290131,G>T,PA14_59390>/>PA14_59400,intergenic(+565/-147),genotype-2
517,744,176,0,0,0.055,0.065,0,0,0,B3,5350471,C>A,PA14_60080,R14S(CGC>AGC),genotype-14
518,745,177,0,0,0,0.061,0,0.064,0.063,B3,5391154,G>C,PA14_60490,G51A(GGC>GCC),genotype-15
869,746,609,0,0.132,NA,0,0.109,NA,0,P3,5391160,A>C,PA14_60490,Q53P(CAG>CCG),genotype-4
799,748,418,0,0,NA,0.103,0.077,NA,0.12,P3,5413147,A>C,PA14_60730</<pra,intergenic(-238/+22),genotype-26
199,751,553,0,0,0,0,0.11,0.428,0.451,B1,5461080,C>T,PA14_61200,G1259S(GGC>AGC),genotype-39
639,750,203,0,0.056,NA,0.058,0,NA,0,P1,5460166,A>T,PA14_61200,D1563E(GAT>GAA),genotype-104
200,753,539,0,0.169,0,0,0.151,0.123,0,B1,5493786,G>C,PA14_61850,R139G(CGG>GGG),genotype-28
640,752,306,0,0.109,NA,0,0.091,NA,0,P1,5493780,T>G,PA14_61850,T141P(ACG>CCG),genotype-6
772,754,869,0,0,NA,0,0.29,NA,0.164,P3,5517061,T>C,PA14_61870,W648R(TGG>CGG),genotype-21
870,755,612,0,0.126,NA,0,0.132,NA,0,P3,5519013,A>C,PA14_61870,L118R(CTG>CGG),genotype-4
394,756,858,0,0.453,1,1,1,1,1,B2,5527091,A>G,PA14_61990,I141V(ATC>GTC),genotype-13
201,757,78,0,0,0,0,0,0.089,0.07,B1,5529543,A>C,PA14_61990>/>PA14_hitA,intergenic(+26/-86),genotype-3
395,761,317,0,0,0,0,0,0.691,0.625,B2,5555344,C>T,PA14_62260,P102S(CCC>TCC),genotype-32
519,762,178,0,0,0.064,0,0,0.08,0.078,B3,5556237,G>T,PA14_62260>/<PA14_62270,intergenic(+399/+65),genotype-3
396,763,124,0,0,0,0,0,0.05,0.074,B2,5561229,G>A,PA14_62350,A28T(GCC>ACC),genotype-6
560,765,832,0,0,NA,0.099,0,NA,0.134,P1,5567766,T>G,PA14_62410,A222A(GCT>GCG),genotype-15
397,764,467,0,0.124,0,0,0.129,0,0,B2,5567766,T>G,PA14_62410,A222A(GCT>GCG),genotype-39
203,769,80,0,0,0,0,0.258,0.057,0.075,B1,5593802,G>A,PA14_62660,A10T(GCC>ACC),genotype-2
521,771,800,0,0,0,0,0.109,0.691,0.893,B3,5625285,T>C,PA14_63050,E51G(GAG>GGG),genotype-5
522,772,179,0,0,0,0,0.531,0.18,0.088,B3,5625630,T>A,PA14_63050</>smpB,intergenic(-194/-81),genotype-6
398,774,748,0,0,0,0,0,0.157,0.353,B2,5729855,T>C,PA14_64280,V443A(GTA>GCA),genotype-16
729,775,769,0,0.116,NA,0.149,0,NA,0,P2,5734610,T>G,PA14_64360,V10G(GTC>GGC),genotype-14
399,776,359,0,0,0,0,0,0.619,0.635,B2,5749454,G>A,PA14_64530,D99N(GAC>AAC),genotype-32
400,777,125,0,0,0.06,0,0.067,0,0,B2,5755075,T>G,PA14_64590,T34P(ACC>CCC),genotype-41
401,778,126,0,0.136,0.098,0,0,0.089,0.103,B2,5773388,T>G,PA14_64790,S231R(AGC>CGC),genotype-42
205,779,81,0,0,0,0,0,0.171,0.092,B1,5784746,G>A,PA14_64900</>PA14_64910,intergenic(-266/-354),genotype-35
404,789,790,0,0,0.09,0,0,0,0.115,B2,5860810,A>C,PA14_65810,V658G(GTC>GGC),genotype-5
600,788,205,0,0,NA,0,0.079,NA,0.074,P1,5860810,A>C,PA14_65810,V658G(GTC>GGC),genotype-28
405,790,128,0,0,0,0,0,0.097,0.079,B2,5863342,G>A,PA14_65820,P223L(CCG>CTG),genotype-11
406,791,545,0,0,1,1,1,1,1,B2,5874439,(C)6>7,PA14_65940,coding(1894/1947nt),genotype-38
813,792,412,0,0,NA,0.083,0.084,NA,0.106,P3,5896899,T>G,PA14_66190,D293A(GAC>GCC),genotype-26
410,797,852,0,0.46,1,1,1,1,1,B2,5919173,T>C,PA14_66350>/>PA14_66380,L30P(CTG>CCG),genotype-13
527,798,636,0,0,0,0.946,1,1,1,B3,5919503,,PA14_66380,coding(419/1743nt),genotype-10
207,799,669,0,0,0,0.5,0.528,0.931,0.908,B1,5920362,G>A,PA14_66380,W426*(TGG>TGA),genotype-6
208,800,82,0,0,0,0,0.07,0.058,0,B1,5935266,T>G,PA14_66530>/>PA14_66540,intergenic(+49/-25),genotype-41
641,803,206,0,0,NA,0.23,0.24,NA,0,P1,5983249,T>G,PA14_67030,E116A(GAG>GCG),genotype-8
871,805,658,0,0.111,NA,0.098,0,NA,0,P3,6007379,A>C,PA14_67260,L176V(TTG>GTG),genotype-5
211,807,426,0,0,0,0.143,0.466,0.942,0.899,B1,6032452,C>T,PA14_67530,G382D(GGC>GAC),genotype-8
212,809,529,0,0,0,0.472,0.476,0.923,0.902,B1,6073364,T>C,PA14_68060,V223A(GTG>GCG),genotype-27
528,810,181,0,0,0,0.053,0.085,0,0,B3,6074336,T>G,PA14_68080,L13R(CTC>CGC),genotype-8
414,814,264,0,0,0,0,0.196,0,0.19,B2,6102735,A>G,PA14_68400,V77A(GTC>GCC),genotype-1
214,815,86,0,0.092,0.091,0.107,0,0,0.146,B1,6110271,T>G,PA14_68500,S341R(AGC>CGC),genotype-42
733,816,639,0,0,NA,0.103,0,NA,0.125,P2,6110271,T>G,PA14_68500,S341R(AGC>CGC),genotype-5
216,822,555,0,0,0.196,0,0.196,0,0.201,B1,6155670,A>C,PA14_69010,F41V(TTC>GTC),genotype-43
565,820,829,0,0,NA,0.12,0,NA,0.125,P1,6155646,C>G,PA14_69010,A49P(GCT>CCT),genotype-15
794,819,527,0,0,NA,0.11,0,NA,0.124,P3,6155646,C>G,PA14_69010,A49P(GCT>CCT),genotype-22
415,818,441,0,0.122,0,0,0,0.118,0,B2,6155646,C>G,PA14_69010,A49P(GCT>CCT),genotype-28
529,821,860,0,0.102,0.115,0,0.13,0,0,B3,6155646,C>G,PA14_69010,A49P(GCT>CCT),genotype-7
734,823,277,0,0,NA,0.119,0.078,NA,0.121,P2,6171044,C>A,PA14_69170</<rho,intergenic(-37/+34),genotype-25
592,824,828,0,0,NA,0.11,0,NA,0.102,P1,6171044,C>A,PA14_69170</<rho,intergenic(-37/+34),genotype-23
530,826,182,0,0,0,0,0.055,0.051,0,B3,6180591,C>G,PA14_69280</<PA14_69300,intergenic(-48/+19),genotype-1
531,827,335,0,0,0,0.119,0,0,0.135,B3,6222129,G>C,PA14_69760,S228W(TCG>TGG),genotype-11
597,828,207,0,0,NA,0.08,0.098,NA,0.087,P1,6224125,G>T,PA14_69780</<amtB,intergenic(-57/+204),genotype-21
735,830,430,0,0,NA,0,1,NA,1,P2,6243396,A>C,PA14_69980,V130G(GTG>GGG),genotype-32
219,831,664,0,0,0,0.56,0.493,0.92,0.903,B1,6243732,T>C,PA14_69980,Q18R(CAG>CGG),genotype-6
220,832,88,0,0.054,0.057,0,0.071,0.064,0,B1,6247507,G>T,PA14_70060,H42N(CAC>AAC),genotype-40
222,835,472,0,0.102,0.221,0,0,0,0,B1,6290379,G>T,PA14_70600</<PA14_70620,S56R(AGC>AGA),genotype-34
821,836,250,0,0,NA,0.065,0.105,NA,0.094,P3,6304571,G>A,PA14_70790,P206L(CCC>CTC),genotype-26
577,840,287,0,0,NA,0.132,0.135,NA,0.111,P1,6338747,A>C,PA14_71150</<PA14_71160,intergenic(-46/+27),genotype-19
226,842,90,0,0,0,0,0.09,0.074,0,B1,6338749,G>C,PA14_71150</<PA14_71160,intergenic(-48/+25),genotype-41
416,841,442,0,0.131,0,0,0.104,0.122,0,B2,6338747,A>C,PA14_71150</<PA14_71160,intergenic(-46/+27),genotype-45
736,843,224,0,0.096,NA,0.113,0,NA,0.123,P2,6344442,A>C,PA14_71210,V32G(GTG>GGG),genotype-26
573,844,282,0,0,NA,0.083,0.091,NA,0.114,P1,6344442,A>C,PA14_71210,V32G(GTG>GGG),genotype-21
227,845,745,0,0,0,0.174,0,0,0.145,B1,6350896,T>A,PA14_71260>/>PA14_71280,intergenic(+39/-63),genotype-44
417,846,381,0,0,0.11,0,0,0.127,0.133,B2,6350898,T>A,PA14_71260>/>PA14_71280,intergenic(+41/-61),genotype-46
737,847,819,0,0.102,NA,0.122,0.136,NA,0,P2,6350898,T>A,PA14_71260>/>PA14_71280,intergenic(+41/-61),genotype-13
602,848,208,0,0,NA,0,0.068,NA,0.068,P1,6353246,A>C,PA14_71300,S70R(AGC>CGC),genotype-28
589,849,825,0,0,NA,0.112,0,NA,0.103,P1,6361913,G>T,PA14_71430,A546A(GCC>GCA),genotype-23
642,850,209,0,0.067,NA,0.091,0.09,NA,0,P1,6361928,G>T,PA14_71430,L541L(CTC>CTA),genotype-9
230,856,666,0,0,0,0.669,0.44,0.92,0.939,B1,6393728,T>C,PA14_71750,V282A(GTG>GCG),genotype-6
418,857,722,0,0,0,0.336,0.824,0.638,0.897,B2,6393728,T>C,PA14_71750,V282A(GTG>GCG),genotype-47
229,855,91,0,0,0,0.073,0.169,0,0,B1,6393356,T>C,PA14_71750,F158S(TTC>TCC),genotype-29
419,859,715,0,0,0.061,0.249,0.861,0.668,0.892,B2,6420754,T>C,PA14_72020,S272P(TCC>CCC),genotype-3
232,860,568,0,0,0,0,0.182,0.817,0.827,B1,6442451,G>C,PA14_72320,T180S(ACC>AGC),genotype-1
534,861,183,0,0,0,0,0,0.07,0.063,B3,6446130,G>C,PA14_72370</>algB,intergenic(-339/-129),genotype-3
237,867,262,0,0,0,0,0.125,0,0.114,B1,6497475,C>A,PA14_72960,S355*(TCG>TAG),genotype-12
239,872,541,0,0.102,0,0,0,0.092,0,B1,6512667,T>G,PA14_73120</<PA14_73140,intergenic(-138/+26),genotype-26
644,871,506,0,0.114,NA,0.07,0,NA,0,P1,6512667,T>G,PA14_73120</<PA14_73140,intergenic(-138/+26),genotype-11
873,870,603,0,0.102,NA,0,0.087,NA,0,P3,6512661,A>C,PA14_73120</<PA14_73140,intergenic(-132/+32),genotype-6
874,873,614,0,0.109,NA,0,0.131,NA,0,P3,6512677,A>C,PA14_73120</<PA14_73140,intergenic(-148/+16),genotype-4
613,188,193,0,0,NA,0.058,0.07,NA,0,P1,1307318,C>A,PA14_RS06155<,W258L(TGG>TTG),genotype-30
629,557,200,0,0.063,NA,0.065,0,NA,0,P1,4159896,T>G,PA14_RS18960</<PA14_RS18965,intergenic(-9/+4),genotype-104
709,559,218,0,0.098,NA,0.075,0,NA,0.097,P2,4167186,G>T,PA14_RS19010>/>PA14_RS19015,intergenic(+31/-141),genotype-26
172,628,68,0,0,0,0,0.219,0.065,0.099,B1,4547619,C>T,pauA,A461A(GCG>GCA),genotype-2
27,111,260,0,0,0,0,0.184,0,0.129,B1,790121,A>C,pchF,D34A(GAC>GCC),genotype-12
28,112,259,0,0,0,0,0.12,0,0.108,B1,790142,T>G,pchF,L41R(CTG>CGG),genotype-12
444,113,386,0,0.168,0,0,0.182,0.19,0,B3,790157,A>C,pchF,E46A(GAG>GCG),genotype-18
445,114,336,0,0,0,0.101,0,0,0.113,B3,796449,T>G,pchG,S335A(TCG>GCG),genotype-11
507,692,480,0,0,0,0,0.112,0,0.101,B3,4996226,T>G,pctC,S473A(TCC>GCC),genotype-24
354,556,792,0,0,0.156,0,0,0,0.208,B2,4135616,T>G,pdxB,E222D(GAA>GAC),genotype-17
150,555,312,0,0,0,0.155,0,0.12,0.169,B1,4135616,T>G,pdxB,E222D(GAA>GAC),genotype-30
360,600,361,0,0,0,0,0,0.614,0.607,B2,4371260,T>C,phoP,E22E(GAA>GAG),genotype-21
30,120,566,0,0,0,0.083,0.211,0.811,0.813,B1,807004,C>T,phzG1,G167D(GGC>GAC),genotype-114
389,729,747,0,0,0,0,0,0.167,0.315,B2,5235519,G>A,pilB,G414E(GGG>GAG),genotype-16
48,181,16,0,0,0,0.138,0.295,0,0.081,B1,1261311,C>T,pilF,R37C(CGC>TGC),genotype-23
412,802,130,0,0,0,0,0,0.079,0.098,B2,5952033,A>G,pilM,L24P(CTC>CCC),genotype-6
411,801,398,0,0,0,0,0,0.253,0.148,B2,5947957,A>G,pilQ,L431P(CTG>CCG),genotype-23
617,271,307,0,0.1,NA,0,0.087,NA,0,P1,1826578,T>G,plcN>/<PA14_21120,intergenic(+24/+34),genotype-6
292,238,108,0,0.07,0.132,0,0,0,0,B2,1636365,G>A,pldA,A870V(GCC>GTC),genotype-15
795,39,415,0,0,NA,0.157,0.097,NA,0.123,P3,223211,A>C,pntB,E291D(GAA>GAC),genotype-23
649,37,590,0,0,NA,0,0.139,NA,0.12,P2,223199,C>G,pntB,G287G(GGC>GGG),genotype-4
800,40,414,0,0,NA,0.15,0.156,NA,0.119,P3,223212,G>C,pntB,A292P(GCC>CCC),genotype-23
819,36,226,0,0,NA,0,0.124,NA,0.095,P3,223199,C>G,pntB,G287G(GGC>GGG),genotype-25
5,38,624,0,0.112,0,0.113,0,0,0,B1,223199,C>G,pntB,G287G(GGC>GGG),genotype-21
56,216,18,0,0,0,0.056,0.063,0,0,B1,1514168,T>G,potD</<potC,intergenic(-79/+10),genotype-25
53,205,570,0,0,0,0,0.215,0.812,0.814,B1,1429422,A>G,ppc,P599P(CCA>CCG),genotype-1
217,825,708,0,0,0.265,1,1,1,1,B1,6175483,T>C,ppk,T443A(ACC>GCC),genotype-31
425,12,136,0,0.113,0.164,0,0.146,0.157,0.119,B3,86798,T>G,ppkA,S316R(AGC>CGC),genotype-26
829,13,616,0,0.113,NA,0,0.167,NA,0,P3,86798,T>G,ppkA,S316R(AGC>CGC),genotype-4
755,310,698,0,0,NA,0,0.123,NA,0.382,P3,2101607,A>G,ppnK,N93S(AAC>AGC),genotype-13
369,629,122,0,0,0,0.411,0.051,0.145,0.071,B2,4571899,T>C,pqsA</>ogt,intergenic(-430/-129),genotype-25
377,667,494,0,0.107,0.093,0,0,0,0,B2,4784422,G>C,prpC>/>acnD,intergenic(+21/-110),genotype-29
827,669,247,0,0.061,NA,0,0.057,NA,0.056,P3,4788490,G>A,prpF>/>prpD,intergenic(+46/-89),genotype-29
849,493,235,0,0,NA,0.098,0.109,NA,0,P3,3771284,A>C,pscH,L50V(TTG>GTG),genotype-9
774,495,867,0,0,NA,0,0.272,NA,0.154,P3,3791369,C>T,pscQ,L235L(CTC>CTT),genotype-21
128,494,49,0,0,0,0.35,0.485,0.084,0.078,B1,3790693,T>C,pscQ,L10P(CTC>CCC),genotype-20
337,444,326,0,0,0,0,0,0.689,0.685,B2,3170529,G>A,pslG,P285L(CCG>CTG),genotype-32
336,443,797,0,0,0.143,0,0,0,0.164,B2,3168192,T>G,pslI,S219R(AGC>CGC),genotype-27
555,440,339,0,0,NA,0.151,0,NA,0.15,P1,3168192,T>G,pslI,S219R(AGC>CGC),genotype-17
484,437,163,0,0.182,0,0.123,0.128,0.099,0.146,B3,3168186,A>C,pslI,W221G(TGG>GGG),genotype-25
113,441,489,0,0,0,0,0.115,0.167,0.145,B1,3168192,T>G,pslI,S219R(AGC>CGC),genotype-8
561,439,597,0,0,NA,0.137,0.16,NA,0.133,P1,3168186,A>C,pslI,W221G(TGG>GGG),genotype-16
691,438,216,0,0.142,NA,0.137,0.12,NA,0.087,P2,3168186,A>C,pslI,W221G(TGG>GGG),genotype-20
692,442,768,0,0.147,NA,0.12,0,NA,0,P2,3168192,T>G,pslI,S219R(AGC>CGC),genotype-16
761,436,695,0,0,NA,0,0.057,NA,0.353,P3,3165439,C>T,pslK,L288L(CTG>CTA),genotype-17
727,759,366,0,0,NA,0.251,0.846,NA,0.518,P2,5543511,G>T,pssA,P241Q(CCG>CAG),genotype-23
223,837,785,0,0,0,0,0,0.269,0.34,B1,6308435,T>C,pstA,Q74R(CAG>CGG),genotype-11
224,838,89,0,0,0,0,0.181,0.053,0.087,B1,6308542,C>T,pstA<,A38A(GCG>GCA),genotype-2
93,378,36,0,0,0,0.104,0.276,0,0.062,B1,2608905,T>C,purB,E102E(GAA>GAG),genotype-23
631,639,509,0,0.102,NA,0.098,0,NA,0,P1,4618912,A>C,purN,N40T(AAC>ACC),genotype-11
335,430,632,0,0.132,0.125,0,0,0,0,B2,3148916,T>G,pvcB,*292C(TGA>TGC),genotype-15
109,429,43,0,0,0,0.063,0,0.081,0,B1,3148895,C>G,pvcC</<pvcB,intergenic(-31/+21),genotype-7
103,416,665,0,0,0,0.596,0.507,0.931,0.879,B1,2976962,T>C,pvdJ,V1600A(GTG>GCG),genotype-6
364,609,400,0,0,0,0,0,0.327,0.129,B2,4403925,G>A,pyoS3A,P512L(CCG>CTG),genotype-23
662,180,214,0,0.079,NA,0.085,0,NA,0,P2,1245730,C>A,queA,P268T(CCC>ACC),genotype-8
197,739,678,0,0,0,0.594,0.476,0.923,0.884,B1,5321298,G>A,rcsC,A751V(GCG>GTG),genotype-6
186,682,435,0,0,0,0.111,0,0,0.129,B1,4965784,T>G,recB,Q954P(CAG>CCG),genotype-16
221,834,706,0,0.14,0.319,1,1,1,1,B1,6286007,T>C,recG,L38P(CTG>CCG),genotype-31
752,198,696,0,0,NA,0,0.126,NA,0.433,P3,1386195,C>T,recJ,A226V(GCG>GTG),genotype-13
218,829,87,0,0,0,0.143,0.308,0,0.068,B1,6237675,T>C,rep>,R582R(CGT>CGC),genotype-23
612,169,191,0,0.096,NA,0.066,0.105,NA,0,P1,1204396,T>G,rhl,K62N(AAA>AAC),genotype-9
660,170,212,0,0.078,NA,0.094,0,NA,0,P2,1204396,T>G,rhl,K62N(AAA>AAC),genotype-8
782,239,525,0,0,NA,0.069,0,NA,0.135,P3,1651727,C>G,rhlR>/>rhlI,intergenic(+12/-169),genotype-24
749,323,844,0,0,NA,0,0.459,NA,0.492,P3,2237937,T>C,rluC,V305A(GTG>GCG),genotype-8
757,315,699,0,0,NA,0,0.124,NA,0.376,P3,2154996,C>T,rmf</<PA14_24665,intergenic(-44/+133),genotype-13
524,781,180,0,0,0,0.079,0.077,0,0,B3,5812566,G>C,rnr<,G78G(GGC>GGG),genotype-8
26,104,559,0,0,0,0.273,0.781,1,1,B1,747764,G>A,rpoB,G521D(GGC>GAC),genotype-45
441,105,301,0,0,0,0,1,1,1,B3,749387,G>A,rpoB,G1062D(GGC>GAC),genotype-9
257,103,329,0,0,0,0,0,0.66,0.625,B2,747764,G>A,rpoB,G521D(GGC>GAC),genotype-32
25,102,10,0,0,0,0.12,0.169,0,0,B1,747340,C>T,rpoB,P380S(CCG>TCG),genotype-29
442,107,586,0,0,0,0,0,0.051,0.123,B3,751833,C>T,rpoC,P498S(CCG>TCG),genotype-3
258,106,99,0,0,0,0.463,0.052,0.147,0,B2,751164,C>T,rpoC>,R275C(CGT>TGT),genotype-25
538,780,537,0,0,NA,1,1,NA,1,P1,5809307,ÃƒÆ’Ã…Â½ÃƒÂ¢Ã¢â€šÂ¬Ã‚Â1bp,rpsF</<PA14_65190,intergenic(-193/+26),genotype-20
191,714,394,0,0,0,0,0,1,1,B1,5120919,(C)8>9,rsmI,coding(222/849nt),genotype-15
392,747,546,0,0,1,1,1,1,1,B2,5401887,(C)5>6,rtcR,coding(1349/1596nt),genotype-38
472,338,756,0,0,0,0.077,0,0.12,0.127,B3,2319410,C>G,sbrR>/>PA14_26620,intergenic(+28/-318),genotype-4
316,339,634,0,0.134,0.174,0,0,0,0,B2,2319412,T>G,sbrR>/>PA14_26620,intergenic(+30/-316),genotype-9
680,337,689,0,0.149,NA,0.159,0,NA,0,P2,2319398,A>C,sbrR>/>PA14_26620,intergenic(+16/-330),genotype-6
413,808,131,0,0.083,0.089,0,0,0,0,B2,6048865,C>T,secB,A132A(GCG>GCA),genotype-29
334,420,114,0,0,0,0.051,0.105,0,0,B2,3037895,C>T,sfa3,A106V(GCC>GTC),genotype-58
818,704,345,0,0,NA,0,0.064,NA,0.1,P3,5057263,G>T,sodB,L5F(TTG>TTT),genotype-25
535,874,687,0,0.128,0.086,0.106,0,0,0,B3,6529165,A>C,soj,L245R(CTG>CGG),genotype-12
738,851,304,0,0,NA,0.147,0,NA,0.136,P2,6370517,T>G,soxA,A190A(GCT>GCG),genotype-21
533,852,270,0,0.106,0.092,0,0,0.065,0,B3,6370521,A>C,soxA,S192R(AGC>CGC),genotype-13
872,853,659,0,0.114,NA,0.071,0,NA,0,P3,6370521,A>C,soxA,S192R(AGC>CGC),genotype-5
654,101,211,0,0.075,NA,0.053,0,NA,0,P2,719219,C>A,speD,H184N(CAC>AAC),genotype-2
540,56,459,0,0,NA,0.083,0.548,NA,0.446,P1,352338,C>T,spuC,D421D(GAC>GAT),genotype-26
831,57,661,0,0.184,NA,0.069,0,NA,0,P3,352338,C>T,spuC,D421D(GAC>GAT),genotype-5
750,58,434,0,0,NA,0.08,0.448,NA,0.458,P3,352467,C>T,spuC>/>spuD,intergenic(+21/-95),genotype-8
11,59,778,0,0,0,0,0,0.172,0.368,B1,355944,C>T,spuF,P237S(CCG>TCG),genotype-11
12,60,6,0,0,0,0,0.235,0.096,0.079,B1,356949,C>T,spuG,P178L(CCG>CTG),genotype-2
247,61,492,0,0.109,0.075,0.083,0,0,0,B2,357338,G>T,spuG>/>spuH,intergenic(+40/-43),genotype-56
637,715,451,0,0.129,NA,0,0.178,NA,0,P1,5125799,T>G,sspA</<PA14_57540,intergenic(-54/+32),genotype-5
293,246,109,0,0.079,0.092,0,0,0,0,B2,1691184,T>G,ssuD>,L296R(CTG>CGG),genotype-29
124,478,783,0,0,0,0,0,0.287,0.403,B1,3614557,G>A,str,G62D(GGC>GAC),genotype-11
137,512,572,0,0,0,0,0.253,0.857,0.842,B1,3916702,T>C,sucA,Q855R(CAG>CGG),genotype-114
701,511,821,0,0.162,NA,0.122,0.124,NA,0,P2,3913528,G>C,sucC</<lpdG,intergenic(-200/+129),genotype-24
403,787,127,0,0.061,0.07,0,0,0,0,B2,5854713,T>G,thiC,Q110P(CAG>CCG),genotype-29
437,77,333,0,0,0,0.08,0,0,0.142,B3,439306,A>C,thiG>/>trmB,intergenic(+54/-37),genotype-11
652,76,281,0,0,NA,0.092,0.087,NA,0.127,P2,439273,C>G,thiG>/>trmB,intergenic(+21/-70),genotype-25
17,78,491,0,0,0,0,0,0.111,0.119,B1,439306,A>C,thiG>/>trmB,intergenic(+54/-37),genotype-35
266,141,719,0,0,0,0.335,0.82,0.681,0.936,B2,993084,G>A,thiL,A77T(GCG>ACG),genotype-47
235,864,393,0,0,0,0,0,1,1,B1,6461188,ÃƒÂ­_ÃƒÂ¤ÃƒÂ³Ã‚Â1bp,thrB>/<PA14_72520,intergenic(+400/+216),genotype-15
236,865,557,0,0,0,0,0.172,0.744,0.752,B1,6461190,G>A,thrB>/<PA14_72520,intergenic(+402/+214),genotype-1
234,863,483,0,0,0,0,0,0.075,0.12,B1,6461051,C>A,thrB>/<PA14_72520,intergenic(+263/+353),genotype-35
233,862,486,0,0,0,0,0.059,0.125,0.114,B1,6460998,C>T,thrB>/<PA14_72520,intergenic(+210/+406),genotype-9
643,866,505,0,0.126,NA,0.142,0,NA,0,P1,6461263,C>A,thrB>/<PA14_72520,intergenic(+475/+141),genotype-10
63,237,392,0,0,0,0,0,1,1,B1,1635497,(C)9>8,til5a>/>pldA,,genotype-15
630,633,508,0,0.1,NA,0.136,0,NA,0,P1,4595882,T>G,tolA,A215A(GCA>GCC),genotype-10
816,868,523,0,0,NA,0.068,0,NA,0.102,P3,6498607,A>T,tonB,I186N(ATT>AAT),genotype-24
238,869,353,0,0.103,0,0,0.063,0,0,B1,6498619,A>T,tonB,V182E(GTG>GAG),genotype-10
243,41,383,0,0,0.128,0,0,0.193,0.113,B2,224432,A>C,tonB2,E105A(GAG>GCG),genotype-22
244,42,94,0,0,0.134,0.109,0,0,0,B2,224437,T>G,tonB2,L107V(TTG>GTG),genotype-53
159,610,548,0,0,0.101,0,0,0,0.129,B1,4409376,A>C,toxA>/>PA14_49570,intergenic(+28/-232),genotype-33
743,383,841,0,0,NA,0,0.355,NA,0.549,P3,2680744,C>T,trbF,G219D(GGC>GAC),genotype-2
51,189,780,0,0,0,0,0,0.145,0.32,B1,1315439,C>T,trbL,G358G(GGC>GGT),genotype-11
551,191,601,0,0,NA,0.172,0.235,NA,0.163,P1,1315998,C>G,trbL>/>PA14_15560,intergenic(+10/-57),genotype-16
276,190,444,0,0.139,0,0,0,0.215,0,B2,1315998,C>G,trbL>/>PA14_15560,intergenic(+10/-57),genotype-28
277,193,554,0,0.205,0,0.294,0,0,0,B2,1316002,C>G,trbL>/>PA14_15560,intergenic(+14/-53),genotype-51
664,192,690,0,0.209,NA,0.188,0,NA,0,P2,1315998,C>G,trbL>/>PA14_15560,intergenic(+10/-57),genotype-11
1,5,571,0,0,0,0,0.178,0.814,0.793,B1,38102,C>T,TrpB,E340K(GAG>AAG),genotype-1
598,15,185,0,0.051,NA,0.074,0.066,NA,0.08,P1,95751,T>G,tssJ1,N39T(AAC>ACC),genotype-27
426,14,137,0,0.068,0.07,0.074,0.064,0.066,0,B3,95751,T>G,tssJ1,N39T(AAC>ACC),genotype-27
762,109,704,0,0,NA,0,0.08,NA,0.351,P3,775896,A>G,uvrA,S723P(TCG>CCG),genotype-17
259,110,579,0,0,0,0,0,1,1,B2,778149,(G)5>6,uvrA</>PA14_09195,intergenic(-87/-127),genotype-8
231,858,92,0,0,0,0.078,0.106,0,0,B1,6404110,T>G,uvrD,S35A(TCG>GCG),genotype-25
46,178,295,0,0,0,0.115,0.173,0,0.202,B1,1234548,T>G,valS</<PA14_14450,intergenic(-115/+6),genotype-5
661,176,213,0,0.094,NA,0.096,0.109,NA,0.182,P2,1234530,C>G,valS</<PA14_14450,intergenic(-97/+24),genotype-9
553,177,600,0,0,NA,0.121,0.177,NA,0.161,P1,1234530,C>G,valS</<PA14_14450,intergenic(-97/+24),genotype-16
280,202,105,0,0,0,0,0,0.14,0.06,B2,1409345,A>G,wspD,S99G(AGC>GGC),genotype-11
281,203,106,0,0.064,0.082,0.072,0.095,0,0,B2,1413809,G>C,wspH,D218H(GAC>CAC),genotype-52
665,204,811,0,0.103,NA,0.103,0.107,NA,0,P2,1413825,T>G,wspR,V223G(GTC>GGC),genotype-12